Punk6529,6529Team,0xfd22004806a6846ea67ad883356be810f0428793
memes.brookr.eth,6529Team,0x3d885cb987C00fe980c20e76e21C53313f43946A
BonafideHan,6529Team,0xA62DA2Ea9F5bB03a58174060535ae32131973178
NoOne0x,6529Team,0xE16dF6503Acd3c79b6E032f62c61752bEC16eeF2
Bharat,6529Team,0x9769334FC882775F4951865aA473481880669D47
Batsoupyum,6529Team,0x3852471D266d9e2222CA9Fdd922BAFC904Dc49e5
AC,6529Team,0x88D3574660711e03196aF8A96f268697590000Fa
itsjpower,6529Team,0x885846850aaBf20d8f8e051f400354D94a32FF55
loneranger,6529Team,0x61D9d9cc8C3203daB7100eA79ceD77587201C990
6529er,6529Team,0x7bA3e8f17582462676c44dd143388eD4B6b20655
6529guardian,6529Team,0xfe3b3F0D64F354b69A5B40D02f714E69cA4B09bd
DarrenSRS,6529Team,0x8889EBB11295F456541901f50BCB5f382047cAaC
Teexels,6529Team,0x4269AaDfd043b58cbA893BfE6029C9895C25cb61
Lellou,6529Team,0xbDf82b13580b918ebc3c24b4034E8468EA168E21
SimoTeam1,6529Team,0x83EE335ca72759CAeDeD7b1afD11dCF75F48436b
SimoTeam2,6529Team,0xddA3cb2741FaC4a87CAebec9EFC7963087304097
SimoTeam3,6529Team,0xF9e129817BC576f937e4774E3C3Aec98787Cfb91
SimoTeam4,6529Team,0x8e63380aC1e34c7D61bf404aF63e885875C18Ce3
SarahScribner,6529Team,0xaf5c021754Ab82Bf556BC6C90650dE21Cf92d1c7
prxt,6529Team,0x7f3774EAdae4beB01919deC7f32A72e417Ab5DE3
PC,6529Team,0xC03E57b6acE9Dd62C84A095E11E494E3C8FD4D42
KC,6529Team,0xe70d73c76fF3b4388EE9C58747F0EaA06C6b645B
Mahan,6529Team,0x1ac8858e29Cbe5C8D6B60EC4d3242eD0F81bfe9f
FundSZN1,6529Funds,0x8BA68CFe71550EfC8988D81d040473709B7F9218
FundSZN2,6529Funds,0xa743c8c57c425B84Cb2eD18C6B9ae3aD21629Cb5
FundSZN3,6529Funds,0x1b7844CfaE4C823Ac6389855D47106a70c84F067
FundSZN4,6529Funds,0x76D078D7e5755B66fF50166863329D27F2566b43
6529Museum,Reserve,0xc6400A5584db71e41B0E5dFbdC769b54B91256CD