0x2DB4878f56b6134a198bA47bE450E469217d9116,59,69
0x2DB4878f56b6134a198bA47bE450E469217d9116,60,40
0x2DB4878f56b6134a198bA47bE450E469217d9116,61,47
0x2DB4878f56b6134a198bA47bE450E469217d9116,21,37
0x2DB4878f56b6134a198bA47bE450E469217d9116,22,37
0x2DB4878f56b6134a198bA47bE450E469217d9116,23,37
0x2DB4878f56b6134a198bA47bE450E469217d9116,24,37
0x2DB4878f56b6134a198bA47bE450E469217d9116,25,37
0x2DB4878f56b6134a198bA47bE450E469217d9116,26,37
0x2DB4878f56b6134a198bA47bE450E469217d9116,27,37
0x2DB4878f56b6134a198bA47bE450E469217d9116,28,37
0x2DB4878f56b6134a198bA47bE450E469217d9116,29,37
0x2DB4878f56b6134a198bA47bE450E469217d9116,30,37
0x2DB4878f56b6134a198bA47bE450E469217d9116,31,37
0x2DB4878f56b6134a198bA47bE450E469217d9116,32,37
0x2DB4878f56b6134a198bA47bE450E469217d9116,33,37
0x2DB4878f56b6134a198bA47bE450E469217d9116,34,37
0x2DB4878f56b6134a198bA47bE450E469217d9116,35,37
0x2DB4878f56b6134a198bA47bE450E469217d9116,36,37
0x2DB4878f56b6134a198bA47bE450E469217d9116,37,37
0x2DB4878f56b6134a198bA47bE450E469217d9116,38,37
0x2DB4878f56b6134a198bA47bE450E469217d9116,39,37
0x2DB4878f56b6134a198bA47bE450E469217d9116,40,37
0x2DB4878f56b6134a198bA47bE450E469217d9116,41,37
0x2DB4878f56b6134a198bA47bE450E469217d9116,42,37
0x2DB4878f56b6134a198bA47bE450E469217d9116,43,37
0x2DB4878f56b6134a198bA47bE450E469217d9116,44,37
0x2DB4878f56b6134a198bA47bE450E469217d9116,45,37
0x2DB4878f56b6134a198bA47bE450E469217d9116,46,37
0x2DB4878f56b6134a198bA47bE450E469217d9116,47,37
0x2DB4878f56b6134a198bA47bE450E469217d9116,48,37
0x2DB4878f56b6134a198bA47bE450E469217d9116,49,37
0x2DB4878f56b6134a198bA47bE450E469217d9116,50,37
0x2DB4878f56b6134a198bA47bE450E469217d9116,51,37
0x2DB4878f56b6134a198bA47bE450E469217d9116,52,37
0x2DB4878f56b6134a198bA47bE450E469217d9116,53,37
0x2DB4878f56b6134a198bA47bE450E469217d9116,54,37
0x2DB4878f56b6134a198bA47bE450E469217d9116,55,37
0x2DB4878f56b6134a198bA47bE450E469217d9116,56,37
0xabacd9eb413fc4575533a1671b7236c1df281fa2,1,42
0xabacd9eb413fc4575533a1671b7236c1df281fa2,2,42
0xabacd9eb413fc4575533a1671b7236c1df281fa2,3,42
0xabacd9eb413fc4575533a1671b7236c1df281fa2,4,42
0xabacd9eb413fc4575533a1671b7236c1df281fa2,5,42
0xabacd9eb413fc4575533a1671b7236c1df281fa2,6,42
0xabacd9eb413fc4575533a1671b7236c1df281fa2,7,42
0xabacd9eb413fc4575533a1671b7236c1df281fa2,8,42
0xabacd9eb413fc4575533a1671b7236c1df281fa2,9,42
0xabacd9eb413fc4575533a1671b7236c1df281fa2,10,42
0xabacd9eb413fc4575533a1671b7236c1df281fa2,11,42
0xabacd9eb413fc4575533a1671b7236c1df281fa2,12,42
0xabacd9eb413fc4575533a1671b7236c1df281fa2,13,42
0xabacd9eb413fc4575533a1671b7236c1df281fa2,14,42
0xabacd9eb413fc4575533a1671b7236c1df281fa2,15,42
0xabacd9eb413fc4575533a1671b7236c1df281fa2,16,42
0xabacd9eb413fc4575533a1671b7236c1df281fa2,17,42
0xabacd9eb413fc4575533a1671b7236c1df281fa2,18,42
0xabacd9eb413fc4575533a1671b7236c1df281fa2,19,42
0xabacd9eb413fc4575533a1671b7236c1df281fa2,20,42
0xabacd9eb413fc4575533a1671b7236c1df281fa2,21,42
0xabacd9eb413fc4575533a1671b7236c1df281fa2,22,42
0xabacd9eb413fc4575533a1671b7236c1df281fa2,23,42
0xabacd9eb413fc4575533a1671b7236c1df281fa2,24,42
0xabacd9eb413fc4575533a1671b7236c1df281fa2,25,42
0xabacd9eb413fc4575533a1671b7236c1df281fa2,26,42
0xabacd9eb413fc4575533a1671b7236c1df281fa2,27,42
0xabacd9eb413fc4575533a1671b7236c1df281fa2,28,42
0xabacd9eb413fc4575533a1671b7236c1df281fa2,29,42
0xabacd9eb413fc4575533a1671b7236c1df281fa2,30,42
0xabacd9eb413fc4575533a1671b7236c1df281fa2,31,42
0xabacd9eb413fc4575533a1671b7236c1df281fa2,32,42
0xabacd9eb413fc4575533a1671b7236c1df281fa2,33,42
0xabacd9eb413fc4575533a1671b7236c1df281fa2,34,42
0xabacd9eb413fc4575533a1671b7236c1df281fa2,35,42
0xabacd9eb413fc4575533a1671b7236c1df281fa2,36,42
0xabacd9eb413fc4575533a1671b7236c1df281fa2,37,42
0xabacd9eb413fc4575533a1671b7236c1df281fa2,38,42
0xabacd9eb413fc4575533a1671b7236c1df281fa2,39,42
0xabacd9eb413fc4575533a1671b7236c1df281fa2,40,42
0xabacd9eb413fc4575533a1671b7236c1df281fa2,41,42
0xabacd9eb413fc4575533a1671b7236c1df281fa2,42,42
0xabacd9eb413fc4575533a1671b7236c1df281fa2,43,42
0xabacd9eb413fc4575533a1671b7236c1df281fa2,44,42
0xabacd9eb413fc4575533a1671b7236c1df281fa2,45,42
0xabacd9eb413fc4575533a1671b7236c1df281fa2,46,42
0xabacd9eb413fc4575533a1671b7236c1df281fa2,47,42
0xabacd9eb413fc4575533a1671b7236c1df281fa2,48,42
0xabacd9eb413fc4575533a1671b7236c1df281fa2,49,42
0xabacd9eb413fc4575533a1671b7236c1df281fa2,50,42
0xabacd9eb413fc4575533a1671b7236c1df281fa2,51,42
0xabacd9eb413fc4575533a1671b7236c1df281fa2,52,42
0xabacd9eb413fc4575533a1671b7236c1df281fa2,53,42
0xabacd9eb413fc4575533a1671b7236c1df281fa2,54,42
0xabacd9eb413fc4575533a1671b7236c1df281fa2,55,42
0xabacd9eb413fc4575533a1671b7236c1df281fa2,56,42
0xabacd9eb413fc4575533a1671b7236c1df281fa2,57,42
0xabacd9eb413fc4575533a1671b7236c1df281fa2,58,42
0xabacd9eb413fc4575533a1671b7236c1df281fa2,59,42
0xabacd9eb413fc4575533a1671b7236c1df281fa2,60,42
0xabacd9eb413fc4575533a1671b7236c1df281fa2,61,42
0xabacd9eb413fc4575533a1671b7236c1df281fa2,62,42
0xabacd9eb413fc4575533a1671b7236c1df281fa2,63,42
0xabacd9eb413fc4575533a1671b7236c1df281fa2,64,42
0xabacd9eb413fc4575533a1671b7236c1df281fa2,65,42
0xabacd9eb413fc4575533a1671b7236c1df281fa2,66,42
0xabacd9eb413fc4575533a1671b7236c1df281fa2,67,42
0xabacd9eb413fc4575533a1671b7236c1df281fa2,68,42
0xabacd9eb413fc4575533a1671b7236c1df281fa2,69,42
0xabacd9eb413fc4575533a1671b7236c1df281fa2,70,42
0xabacd9eb413fc4575533a1671b7236c1df281fa2,71,42
0xabacd9eb413fc4575533a1671b7236c1df281fa2,72,42
0xabacd9eb413fc4575533a1671b7236c1df281fa2,73,42
0xabacd9eb413fc4575533a1671b7236c1df281fa2,74,42
0xabacd9eb413fc4575533a1671b7236c1df281fa2,75,42
0xabacd9eb413fc4575533a1671b7236c1df281fa2,76,42
0xabacd9eb413fc4575533a1671b7236c1df281fa2,77,42
0xabacd9eb413fc4575533a1671b7236c1df281fa2,78,42
0xabacd9eb413fc4575533a1671b7236c1df281fa2,79,42
0xabacd9eb413fc4575533a1671b7236c1df281fa2,80,42
0xabacd9eb413fc4575533a1671b7236c1df281fa2,81,42
0xabacd9eb413fc4575533a1671b7236c1df281fa2,82,42
0xabacd9eb413fc4575533a1671b7236c1df281fa2,83,42
0xabacd9eb413fc4575533a1671b7236c1df281fa2,84,42
0xabacd9eb413fc4575533a1671b7236c1df281fa2,85,42
0xabacd9eb413fc4575533a1671b7236c1df281fa2,86,42
0xabacd9eb413fc4575533a1671b7236c1df281fa2,87,42
0xabacd9eb413fc4575533a1671b7236c1df281fa2,88,42
0xabacd9eb413fc4575533a1671b7236c1df281fa2,89,42
0xabacd9eb413fc4575533a1671b7236c1df281fa2,90,42
0xabacd9eb413fc4575533a1671b7236c1df281fa2,91,42
0xabacd9eb413fc4575533a1671b7236c1df281fa2,92,42
0xabacd9eb413fc4575533a1671b7236c1df281fa2,93,42
0xabacd9eb413fc4575533a1671b7236c1df281fa2,94,42
0xabacd9eb413fc4575533a1671b7236c1df281fa2,95,42
0xabacd9eb413fc4575533a1671b7236c1df281fa2,96,42
0xabacd9eb413fc4575533a1671b7236c1df281fa2,97,42
0xabacd9eb413fc4575533a1671b7236c1df281fa2,98,42
0xabacd9eb413fc4575533a1671b7236c1df281fa2,99,42
0xabacd9eb413fc4575533a1671b7236c1df281fa2,100,42
0xabacd9eb413fc4575533a1671b7236c1df281fa2,101,42
0xabacd9eb413fc4575533a1671b7236c1df281fa2,102,42
0xabacd9eb413fc4575533a1671b7236c1df281fa2,103,42
0xabacd9eb413fc4575533a1671b7236c1df281fa2,104,42
0xabacd9eb413fc4575533a1671b7236c1df281fa2,105,42
0xabacd9eb413fc4575533a1671b7236c1df281fa2,106,42
0xabacd9eb413fc4575533a1671b7236c1df281fa2,107,42
0xabacd9eb413fc4575533a1671b7236c1df281fa2,108,42
0xabacd9eb413fc4575533a1671b7236c1df281fa2,109,42
0xabacd9eb413fc4575533a1671b7236c1df281fa2,110,42
0xabacd9eb413fc4575533a1671b7236c1df281fa2,111,42
0xabacd9eb413fc4575533a1671b7236c1df281fa2,112,42
0xabacd9eb413fc4575533a1671b7236c1df281fa2,113,42
0xabacd9eb413fc4575533a1671b7236c1df281fa2,114,42
0xabacd9eb413fc4575533a1671b7236c1df281fa2,115,42
0xabacd9eb413fc4575533a1671b7236c1df281fa2,116,42
0xabacd9eb413fc4575533a1671b7236c1df281fa2,117,42
0xabacd9eb413fc4575533a1671b7236c1df281fa2,118,42
0xabacd9eb413fc4575533a1671b7236c1df281fa2,119,42
0xabacd9eb413fc4575533a1671b7236c1df281fa2,120,42
0xabacd9eb413fc4575533a1671b7236c1df281fa2,121,42
0xabacd9eb413fc4575533a1671b7236c1df281fa2,122,42
0xabacd9eb413fc4575533a1671b7236c1df281fa2,123,42
0xabacd9eb413fc4575533a1671b7236c1df281fa2,124,42
0xabacd9eb413fc4575533a1671b7236c1df281fa2,125,42
0xabacd9eb413fc4575533a1671b7236c1df281fa2,126,42
0xabacd9eb413fc4575533a1671b7236c1df281fa2,127,42
0xabacd9eb413fc4575533a1671b7236c1df281fa2,128,42
0xabacd9eb413fc4575533a1671b7236c1df281fa2,129,42
0xabacd9eb413fc4575533a1671b7236c1df281fa2,130,42
0xabacd9eb413fc4575533a1671b7236c1df281fa2,131,42
0xabacd9eb413fc4575533a1671b7236c1df281fa2,132,42
0xabacd9eb413fc4575533a1671b7236c1df281fa2,133,42
0xabacd9eb413fc4575533a1671b7236c1df281fa2,134,42
0xabacd9eb413fc4575533a1671b7236c1df281fa2,135,42
0xabacd9eb413fc4575533a1671b7236c1df281fa2,136,42
0xabacd9eb413fc4575533a1671b7236c1df281fa2,137,42
0xabacd9eb413fc4575533a1671b7236c1df281fa2,138,42
0xabacd9eb413fc4575533a1671b7236c1df281fa2,139,42
0xabacd9eb413fc4575533a1671b7236c1df281fa2,140,42
0xabacd9eb413fc4575533a1671b7236c1df281fa2,141,42
0xabacd9eb413fc4575533a1671b7236c1df281fa2,142,42
0xabacd9eb413fc4575533a1671b7236c1df281fa2,143,42
0xabacd9eb413fc4575533a1671b7236c1df281fa2,144,42
0xabacd9eb413fc4575533a1671b7236c1df281fa2,145,42
0xabacd9eb413fc4575533a1671b7236c1df281fa2,146,42
0xabacd9eb413fc4575533a1671b7236c1df281fa2,147,42
0xabacd9eb413fc4575533a1671b7236c1df281fa2,148,42
0xabacd9eb413fc4575533a1671b7236c1df281fa2,149,42
0xabacd9eb413fc4575533a1671b7236c1df281fa2,150,42
0xabacd9eb413fc4575533a1671b7236c1df281fa2,151,42
0xabacd9eb413fc4575533a1671b7236c1df281fa2,152,42
0xabacd9eb413fc4575533a1671b7236c1df281fa2,153,42
0xabacd9eb413fc4575533a1671b7236c1df281fa2,154,42
0xabacd9eb413fc4575533a1671b7236c1df281fa2,155,42
0xabacd9eb413fc4575533a1671b7236c1df281fa2,156,42
0xabacd9eb413fc4575533a1671b7236c1df281fa2,157,42
0xabacd9eb413fc4575533a1671b7236c1df281fa2,158,42
0xabacd9eb413fc4575533a1671b7236c1df281fa2,159,42
0xabacd9eb413fc4575533a1671b7236c1df281fa2,160,42
0xabacd9eb413fc4575533a1671b7236c1df281fa2,161,42
0xabacd9eb413fc4575533a1671b7236c1df281fa2,162,42
0xabacd9eb413fc4575533a1671b7236c1df281fa2,163,42
0xabacd9eb413fc4575533a1671b7236c1df281fa2,164,42
0xabacd9eb413fc4575533a1671b7236c1df281fa2,165,42
0xabacd9eb413fc4575533a1671b7236c1df281fa2,166,42
0xabacd9eb413fc4575533a1671b7236c1df281fa2,167,42
0xabacd9eb413fc4575533a1671b7236c1df281fa2,168,42
0xabacd9eb413fc4575533a1671b7236c1df281fa2,169,42
0xabacd9eb413fc4575533a1671b7236c1df281fa2,170,42
0xabacd9eb413fc4575533a1671b7236c1df281fa2,171,42
0xabacd9eb413fc4575533a1671b7236c1df281fa2,172,42
0xabacd9eb413fc4575533a1671b7236c1df281fa2,173,42
0xabacd9eb413fc4575533a1671b7236c1df281fa2,174,42
0xabacd9eb413fc4575533a1671b7236c1df281fa2,175,42
0xabacd9eb413fc4575533a1671b7236c1df281fa2,176,42
0xabacd9eb413fc4575533a1671b7236c1df281fa2,177,42
0xabacd9eb413fc4575533a1671b7236c1df281fa2,178,42
0xabacd9eb413fc4575533a1671b7236c1df281fa2,179,42
0xabacd9eb413fc4575533a1671b7236c1df281fa2,180,42
0xabacd9eb413fc4575533a1671b7236c1df281fa2,181,42
0xabacd9eb413fc4575533a1671b7236c1df281fa2,182,42
0xabacd9eb413fc4575533a1671b7236c1df281fa2,183,42
0xabacd9eb413fc4575533a1671b7236c1df281fa2,184,42
0xabacd9eb413fc4575533a1671b7236c1df281fa2,185,42
0xabacd9eb413fc4575533a1671b7236c1df281fa2,186,42
0xabacd9eb413fc4575533a1671b7236c1df281fa2,187,42
0xabacd9eb413fc4575533a1671b7236c1df281fa2,188,42
0xabacd9eb413fc4575533a1671b7236c1df281fa2,189,42
0xabacd9eb413fc4575533a1671b7236c1df281fa2,190,42
0xabacd9eb413fc4575533a1671b7236c1df281fa2,191,42
0xabacd9eb413fc4575533a1671b7236c1df281fa2,192,42
0xabacd9eb413fc4575533a1671b7236c1df281fa2,193,42
0xabacd9eb413fc4575533a1671b7236c1df281fa2,194,42
0xabacd9eb413fc4575533a1671b7236c1df281fa2,195,42
0xabacd9eb413fc4575533a1671b7236c1df281fa2,196,42
0xabacd9eb413fc4575533a1671b7236c1df281fa2,197,42
0xabacd9eb413fc4575533a1671b7236c1df281fa2,198,42
0xabacd9eb413fc4575533a1671b7236c1df281fa2,199,42
0xabacd9eb413fc4575533a1671b7236c1df281fa2,200,42
0xabacd9eb413fc4575533a1671b7236c1df281fa2,201,42
0xabacd9eb413fc4575533a1671b7236c1df281fa2,202,42
0xabacd9eb413fc4575533a1671b7236c1df281fa2,203,42
0xabacd9eb413fc4575533a1671b7236c1df281fa2,204,42
0xabacd9eb413fc4575533a1671b7236c1df281fa2,205,42
0xabacd9eb413fc4575533a1671b7236c1df281fa2,206,42
0xabacd9eb413fc4575533a1671b7236c1df281fa2,207,42
0xabacd9eb413fc4575533a1671b7236c1df281fa2,208,42
0xabacd9eb413fc4575533a1671b7236c1df281fa2,209,42
0xabacd9eb413fc4575533a1671b7236c1df281fa2,210,42
0xabacd9eb413fc4575533a1671b7236c1df281fa2,211,42
0xabacd9eb413fc4575533a1671b7236c1df281fa2,212,42
0xabacd9eb413fc4575533a1671b7236c1df281fa2,213,42
0xabacd9eb413fc4575533a1671b7236c1df281fa2,214,42
0xabacd9eb413fc4575533a1671b7236c1df281fa2,215,42
0xabacd9eb413fc4575533a1671b7236c1df281fa2,216,42
0xabacd9eb413fc4575533a1671b7236c1df281fa2,217,42
0xabacd9eb413fc4575533a1671b7236c1df281fa2,218,42
0xabacd9eb413fc4575533a1671b7236c1df281fa2,219,42
0xabacd9eb413fc4575533a1671b7236c1df281fa2,220,42
0xabacd9eb413fc4575533a1671b7236c1df281fa2,221,42
0xabacd9eb413fc4575533a1671b7236c1df281fa2,222,42
0xabacd9eb413fc4575533a1671b7236c1df281fa2,223,42
0xabacd9eb413fc4575533a1671b7236c1df281fa2,224,42
0xabacd9eb413fc4575533a1671b7236c1df281fa2,225,42
0xabacd9eb413fc4575533a1671b7236c1df281fa2,226,42
0xabacd9eb413fc4575533a1671b7236c1df281fa2,227,42
0xabacd9eb413fc4575533a1671b7236c1df281fa2,228,42
0xabacd9eb413fc4575533a1671b7236c1df281fa2,229,42
0xabacd9eb413fc4575533a1671b7236c1df281fa2,230,42
0xabacd9eb413fc4575533a1671b7236c1df281fa2,231,42
0xabacd9eb413fc4575533a1671b7236c1df281fa2,232,42
0xabacd9eb413fc4575533a1671b7236c1df281fa2,233,42
0xabacd9eb413fc4575533a1671b7236c1df281fa2,234,42
0xabacd9eb413fc4575533a1671b7236c1df281fa2,235,42
0xabacd9eb413fc4575533a1671b7236c1df281fa2,236,42
0xabacd9eb413fc4575533a1671b7236c1df281fa2,237,42
0xabacd9eb413fc4575533a1671b7236c1df281fa2,238,42
0xabacd9eb413fc4575533a1671b7236c1df281fa2,239,42
0xabacd9eb413fc4575533a1671b7236c1df281fa2,240,42
0xabacd9eb413fc4575533a1671b7236c1df281fa2,241,42
0xabacd9eb413fc4575533a1671b7236c1df281fa2,242,42
0xabacd9eb413fc4575533a1671b7236c1df281fa2,243,42
0xabacd9eb413fc4575533a1671b7236c1df281fa2,244,42
0xabacd9eb413fc4575533a1671b7236c1df281fa2,245,42
0xabacd9eb413fc4575533a1671b7236c1df281fa2,246,42
0xabacd9eb413fc4575533a1671b7236c1df281fa2,247,42
0xabacd9eb413fc4575533a1671b7236c1df281fa2,248,42
0xabacd9eb413fc4575533a1671b7236c1df281fa2,249,42
0xabacd9eb413fc4575533a1671b7236c1df281fa2,250,42
0xabacd9eb413fc4575533a1671b7236c1df281fa2,251,42
0xabacd9eb413fc4575533a1671b7236c1df281fa2,252,42
0xabacd9eb413fc4575533a1671b7236c1df281fa2,253,42
0xabacd9eb413fc4575533a1671b7236c1df281fa2,254,42
0xabacd9eb413fc4575533a1671b7236c1df281fa2,255,42
0xabacd9eb413fc4575533a1671b7236c1df281fa2,256,42
0xabacd9eb413fc4575533a1671b7236c1df281fa2,257,42
0xabacd9eb413fc4575533a1671b7236c1df281fa2,258,42
0xabacd9eb413fc4575533a1671b7236c1df281fa2,259,42
0xabacd9eb413fc4575533a1671b7236c1df281fa2,260,42
0xabacd9eb413fc4575533a1671b7236c1df281fa2,261,42
0xabacd9eb413fc4575533a1671b7236c1df281fa2,262,42
0xabacd9eb413fc4575533a1671b7236c1df281fa2,263,42
0xabacd9eb413fc4575533a1671b7236c1df281fa2,264,42
0xabacd9eb413fc4575533a1671b7236c1df281fa2,265,42
0xabacd9eb413fc4575533a1671b7236c1df281fa2,266,42
0xabacd9eb413fc4575533a1671b7236c1df281fa2,267,42
0xabacd9eb413fc4575533a1671b7236c1df281fa2,268,42
0xabacd9eb413fc4575533a1671b7236c1df281fa2,269,42
0xabacd9eb413fc4575533a1671b7236c1df281fa2,270,42
0xabacd9eb413fc4575533a1671b7236c1df281fa2,271,42
0xabacd9eb413fc4575533a1671b7236c1df281fa2,272,42
0xabacd9eb413fc4575533a1671b7236c1df281fa2,273,42
0xabacd9eb413fc4575533a1671b7236c1df281fa2,274,42
0xabacd9eb413fc4575533a1671b7236c1df281fa2,275,42
0xabacd9eb413fc4575533a1671b7236c1df281fa2,276,42
0xabacd9eb413fc4575533a1671b7236c1df281fa2,277,42
0xabacd9eb413fc4575533a1671b7236c1df281fa2,278,42
0xabacd9eb413fc4575533a1671b7236c1df281fa2,279,42
0xabacd9eb413fc4575533a1671b7236c1df281fa2,280,42
0xabacd9eb413fc4575533a1671b7236c1df281fa2,281,42
0xabacd9eb413fc4575533a1671b7236c1df281fa2,282,42
0xabacd9eb413fc4575533a1671b7236c1df281fa2,283,42
0xabacd9eb413fc4575533a1671b7236c1df281fa2,284,42
0xabacd9eb413fc4575533a1671b7236c1df281fa2,285,42
0xabacd9eb413fc4575533a1671b7236c1df281fa2,286,42
0xabacd9eb413fc4575533a1671b7236c1df281fa2,287,42
0xabacd9eb413fc4575533a1671b7236c1df281fa2,288,42
0xabacd9eb413fc4575533a1671b7236c1df281fa2,289,42
0xabacd9eb413fc4575533a1671b7236c1df281fa2,290,42
0xabacd9eb413fc4575533a1671b7236c1df281fa2,291,42
0xabacd9eb413fc4575533a1671b7236c1df281fa2,292,42
0xabacd9eb413fc4575533a1671b7236c1df281fa2,293,42
0xabacd9eb413fc4575533a1671b7236c1df281fa2,294,42
0xabacd9eb413fc4575533a1671b7236c1df281fa2,295,42
0xabacd9eb413fc4575533a1671b7236c1df281fa2,296,42
0xabacd9eb413fc4575533a1671b7236c1df281fa2,297,42
0xabacd9eb413fc4575533a1671b7236c1df281fa2,298,42
0xabacd9eb413fc4575533a1671b7236c1df281fa2,299,42
0xabacd9eb413fc4575533a1671b7236c1df281fa2,300,42
0xabacd9eb413fc4575533a1671b7236c1df281fa2,301,42
0xabacd9eb413fc4575533a1671b7236c1df281fa2,302,42
0xabacd9eb413fc4575533a1671b7236c1df281fa2,303,42
0xabacd9eb413fc4575533a1671b7236c1df281fa2,304,42
0xabacd9eb413fc4575533a1671b7236c1df281fa2,305,42
0xabacd9eb413fc4575533a1671b7236c1df281fa2,306,42
0xabacd9eb413fc4575533a1671b7236c1df281fa2,307,42
0xabacd9eb413fc4575533a1671b7236c1df281fa2,308,42
0xabacd9eb413fc4575533a1671b7236c1df281fa2,309,42
0xabacd9eb413fc4575533a1671b7236c1df281fa2,310,42
0xabacd9eb413fc4575533a1671b7236c1df281fa2,311,42
0xabacd9eb413fc4575533a1671b7236c1df281fa2,312,42
0xabacd9eb413fc4575533a1671b7236c1df281fa2,313,42
0xabacd9eb413fc4575533a1671b7236c1df281fa2,314,42
0xabacd9eb413fc4575533a1671b7236c1df281fa2,315,42
0xabacd9eb413fc4575533a1671b7236c1df281fa2,316,42
0xabacd9eb413fc4575533a1671b7236c1df281fa2,317,42
0xabacd9eb413fc4575533a1671b7236c1df281fa2,318,42
0xabacd9eb413fc4575533a1671b7236c1df281fa2,319,42
0xabacd9eb413fc4575533a1671b7236c1df281fa2,320,42
0xabacd9eb413fc4575533a1671b7236c1df281fa2,321,42
0xabacd9eb413fc4575533a1671b7236c1df281fa2,322,42
0xabacd9eb413fc4575533a1671b7236c1df281fa2,323,42
0xabacd9eb413fc4575533a1671b7236c1df281fa2,324,42
0xabacd9eb413fc4575533a1671b7236c1df281fa2,325,42
0xabacd9eb413fc4575533a1671b7236c1df281fa2,326,42
0xabacd9eb413fc4575533a1671b7236c1df281fa2,327,42
0xabacd9eb413fc4575533a1671b7236c1df281fa2,328,42
0xabacd9eb413fc4575533a1671b7236c1df281fa2,329,42
0xabacd9eb413fc4575533a1671b7236c1df281fa2,330,42
0xabacd9eb413fc4575533a1671b7236c1df281fa2,331,42
0xabacd9eb413fc4575533a1671b7236c1df281fa2,332,42
0xabacd9eb413fc4575533a1671b7236c1df281fa2,333,42
0xabacd9eb413fc4575533a1671b7236c1df281fa2,334,42
0xabacd9eb413fc4575533a1671b7236c1df281fa2,335,42
0xabacd9eb413fc4575533a1671b7236c1df281fa2,336,42
0xabacd9eb413fc4575533a1671b7236c1df281fa2,337,42
0xabacd9eb413fc4575533a1671b7236c1df281fa2,338,42
0xabacd9eb413fc4575533a1671b7236c1df281fa2,339,42
0xabacd9eb413fc4575533a1671b7236c1df281fa2,340,42
0xabacd9eb413fc4575533a1671b7236c1df281fa2,341,42
0xabacd9eb413fc4575533a1671b7236c1df281fa2,342,42
0xabacd9eb413fc4575533a1671b7236c1df281fa2,343,42
0xabacd9eb413fc4575533a1671b7236c1df281fa2,344,42
0xabacd9eb413fc4575533a1671b7236c1df281fa2,345,42
0xabacd9eb413fc4575533a1671b7236c1df281fa2,346,42
0xabacd9eb413fc4575533a1671b7236c1df281fa2,347,42
0xabacd9eb413fc4575533a1671b7236c1df281fa2,348,42
0xabacd9eb413fc4575533a1671b7236c1df281fa2,349,42
0xabacd9eb413fc4575533a1671b7236c1df281fa2,350,42
0xabacd9eb413fc4575533a1671b7236c1df281fa2,351,42
0xabacd9eb413fc4575533a1671b7236c1df281fa2,352,42
0xabacd9eb413fc4575533a1671b7236c1df281fa2,353,42
0xabacd9eb413fc4575533a1671b7236c1df281fa2,354,42
0xabacd9eb413fc4575533a1671b7236c1df281fa2,355,42
0xabacd9eb413fc4575533a1671b7236c1df281fa2,356,42
0xabacd9eb413fc4575533a1671b7236c1df281fa2,357,42
0xabacd9eb413fc4575533a1671b7236c1df281fa2,358,42
0xabacd9eb413fc4575533a1671b7236c1df281fa2,359,42
0xabacd9eb413fc4575533a1671b7236c1df281fa2,360,42
0xabacd9eb413fc4575533a1671b7236c1df281fa2,361,42
0xabacd9eb413fc4575533a1671b7236c1df281fa2,362,42
0xabacd9eb413fc4575533a1671b7236c1df281fa2,363,42
0xabacd9eb413fc4575533a1671b7236c1df281fa2,364,42
0xabacd9eb413fc4575533a1671b7236c1df281fa2,365,42
0xabacd9eb413fc4575533a1671b7236c1df281fa2,366,42
0xabacd9eb413fc4575533a1671b7236c1df281fa2,367,42
0xabacd9eb413fc4575533a1671b7236c1df281fa2,368,42
0xabacd9eb413fc4575533a1671b7236c1df281fa2,369,42
0xabacd9eb413fc4575533a1671b7236c1df281fa2,370,42
0xabacd9eb413fc4575533a1671b7236c1df281fa2,371,42
0xabacd9eb413fc4575533a1671b7236c1df281fa2,372,42
0xabacd9eb413fc4575533a1671b7236c1df281fa2,373,42
0xabacd9eb413fc4575533a1671b7236c1df281fa2,374,42
0xabacd9eb413fc4575533a1671b7236c1df281fa2,375,42
0xabacd9eb413fc4575533a1671b7236c1df281fa2,376,42
0xabacd9eb413fc4575533a1671b7236c1df281fa2,377,42
0xabacd9eb413fc4575533a1671b7236c1df281fa2,378,42
0xabacd9eb413fc4575533a1671b7236c1df281fa2,379,42
0xabacd9eb413fc4575533a1671b7236c1df281fa2,380,42
0xabacd9eb413fc4575533a1671b7236c1df281fa2,381,42
0xabacd9eb413fc4575533a1671b7236c1df281fa2,382,42
0xabacd9eb413fc4575533a1671b7236c1df281fa2,383,42
0xabacd9eb413fc4575533a1671b7236c1df281fa2,384,42
0xabacd9eb413fc4575533a1671b7236c1df281fa2,385,42
0xabacd9eb413fc4575533a1671b7236c1df281fa2,386,42
0xabacd9eb413fc4575533a1671b7236c1df281fa2,387,42
0xabacd9eb413fc4575533a1671b7236c1df281fa2,388,42
0xabacd9eb413fc4575533a1671b7236c1df281fa2,389,42
0xabacd9eb413fc4575533a1671b7236c1df281fa2,390,42
0xabacd9eb413fc4575533a1671b7236c1df281fa2,391,42
0xabacd9eb413fc4575533a1671b7236c1df281fa2,392,42
0xabacd9eb413fc4575533a1671b7236c1df281fa2,393,42
0xabacd9eb413fc4575533a1671b7236c1df281fa2,394,42
0xabacd9eb413fc4575533a1671b7236c1df281fa2,395,42
0xabacd9eb413fc4575533a1671b7236c1df281fa2,396,42
0xabacd9eb413fc4575533a1671b7236c1df281fa2,397,42
0xabacd9eb413fc4575533a1671b7236c1df281fa2,398,42
0xabacd9eb413fc4575533a1671b7236c1df281fa2,399,42
0xabacd9eb413fc4575533a1671b7236c1df281fa2,400,42
0xabacd9eb413fc4575533a1671b7236c1df281fa2,401,42
0xabacd9eb413fc4575533a1671b7236c1df281fa2,402,42
0xabacd9eb413fc4575533a1671b7236c1df281fa2,403,42
0xabacd9eb413fc4575533a1671b7236c1df281fa2,404,42
0xabacd9eb413fc4575533a1671b7236c1df281fa2,405,42
0xabacd9eb413fc4575533a1671b7236c1df281fa2,406,42
0xabacd9eb413fc4575533a1671b7236c1df281fa2,407,42
0xabacd9eb413fc4575533a1671b7236c1df281fa2,408,42
0xabacd9eb413fc4575533a1671b7236c1df281fa2,409,42
0xabacd9eb413fc4575533a1671b7236c1df281fa2,410,42
0xabacd9eb413fc4575533a1671b7236c1df281fa2,411,42
0xabacd9eb413fc4575533a1671b7236c1df281fa2,412,42
0xabacd9eb413fc4575533a1671b7236c1df281fa2,413,42
0xabacd9eb413fc4575533a1671b7236c1df281fa2,414,42
0xabacd9eb413fc4575533a1671b7236c1df281fa2,415,42
0xabacd9eb413fc4575533a1671b7236c1df281fa2,416,42
0xabacd9eb413fc4575533a1671b7236c1df281fa2,417,42
0xabacd9eb413fc4575533a1671b7236c1df281fa2,418,42
0xabacd9eb413fc4575533a1671b7236c1df281fa2,419,42
0xabacd9eb413fc4575533a1671b7236c1df281fa2,420,42
0xabacd9eb413fc4575533a1671b7236c1df281fa2,421,42
0xabacd9eb413fc4575533a1671b7236c1df281fa2,422,42
0xabacd9eb413fc4575533a1671b7236c1df281fa2,423,42
0xabacd9eb413fc4575533a1671b7236c1df281fa2,424,42
0xabacd9eb413fc4575533a1671b7236c1df281fa2,425,42
0xabacd9eb413fc4575533a1671b7236c1df281fa2,426,42
0xabacd9eb413fc4575533a1671b7236c1df281fa2,427,42
0xabacd9eb413fc4575533a1671b7236c1df281fa2,428,42
0xabacd9eb413fc4575533a1671b7236c1df281fa2,429,42
0xabacd9eb413fc4575533a1671b7236c1df281fa2,430,42
0xabacd9eb413fc4575533a1671b7236c1df281fa2,431,42
0xabacd9eb413fc4575533a1671b7236c1df281fa2,432,42
0xabacd9eb413fc4575533a1671b7236c1df281fa2,433,42
0xabacd9eb413fc4575533a1671b7236c1df281fa2,434,42
0xabacd9eb413fc4575533a1671b7236c1df281fa2,435,42
0xabacd9eb413fc4575533a1671b7236c1df281fa2,436,42
0xabacd9eb413fc4575533a1671b7236c1df281fa2,437,42
0xabacd9eb413fc4575533a1671b7236c1df281fa2,438,42
0xabacd9eb413fc4575533a1671b7236c1df281fa2,439,42
0xabacd9eb413fc4575533a1671b7236c1df281fa2,440,42
0xabacd9eb413fc4575533a1671b7236c1df281fa2,441,42
0xabacd9eb413fc4575533a1671b7236c1df281fa2,442,42
0xabacd9eb413fc4575533a1671b7236c1df281fa2,443,42
0xabacd9eb413fc4575533a1671b7236c1df281fa2,444,42
0xabacd9eb413fc4575533a1671b7236c1df281fa2,445,42
0xabacd9eb413fc4575533a1671b7236c1df281fa2,446,42
0xabacd9eb413fc4575533a1671b7236c1df281fa2,447,42
0xabacd9eb413fc4575533a1671b7236c1df281fa2,448,42
0xabacd9eb413fc4575533a1671b7236c1df281fa2,449,42
0xabacd9eb413fc4575533a1671b7236c1df281fa2,450,42
0xabacd9eb413fc4575533a1671b7236c1df281fa2,451,42
0xabacd9eb413fc4575533a1671b7236c1df281fa2,452,42
0xabacd9eb413fc4575533a1671b7236c1df281fa2,453,42
0xabacd9eb413fc4575533a1671b7236c1df281fa2,454,42
0xabacd9eb413fc4575533a1671b7236c1df281fa2,455,42
0xabacd9eb413fc4575533a1671b7236c1df281fa2,456,42
0xabacd9eb413fc4575533a1671b7236c1df281fa2,457,42
0xabacd9eb413fc4575533a1671b7236c1df281fa2,458,42
0xabacd9eb413fc4575533a1671b7236c1df281fa2,459,42
0xabacd9eb413fc4575533a1671b7236c1df281fa2,460,42
0xabacd9eb413fc4575533a1671b7236c1df281fa2,461,42
0xabacd9eb413fc4575533a1671b7236c1df281fa2,462,42
0xabacd9eb413fc4575533a1671b7236c1df281fa2,463,42
0xabacd9eb413fc4575533a1671b7236c1df281fa2,464,42
0xabacd9eb413fc4575533a1671b7236c1df281fa2,465,42
0xabacd9eb413fc4575533a1671b7236c1df281fa2,466,42
0xabacd9eb413fc4575533a1671b7236c1df281fa2,467,42
0xabacd9eb413fc4575533a1671b7236c1df281fa2,468,42
0xabacd9eb413fc4575533a1671b7236c1df281fa2,469,42
0xabacd9eb413fc4575533a1671b7236c1df281fa2,470,42
0xabacd9eb413fc4575533a1671b7236c1df281fa2,471,42
0xabacd9eb413fc4575533a1671b7236c1df281fa2,472,42
0xabacd9eb413fc4575533a1671b7236c1df281fa2,473,42
0xabacd9eb413fc4575533a1671b7236c1df281fa2,474,42
0xabacd9eb413fc4575533a1671b7236c1df281fa2,475,42
0xabacd9eb413fc4575533a1671b7236c1df281fa2,476,42
0xabacd9eb413fc4575533a1671b7236c1df281fa2,477,42
0xabacd9eb413fc4575533a1671b7236c1df281fa2,478,42
0xabacd9eb413fc4575533a1671b7236c1df281fa2,479,42
0xabacd9eb413fc4575533a1671b7236c1df281fa2,480,42
0xabacd9eb413fc4575533a1671b7236c1df281fa2,481,42
0xabacd9eb413fc4575533a1671b7236c1df281fa2,482,42
0xabacd9eb413fc4575533a1671b7236c1df281fa2,483,42
0xabacd9eb413fc4575533a1671b7236c1df281fa2,484,42
0xabacd9eb413fc4575533a1671b7236c1df281fa2,485,42
0xabacd9eb413fc4575533a1671b7236c1df281fa2,486,42
0xabacd9eb413fc4575533a1671b7236c1df281fa2,487,42
0xabacd9eb413fc4575533a1671b7236c1df281fa2,488,42
0xabacd9eb413fc4575533a1671b7236c1df281fa2,489,42
0xabacd9eb413fc4575533a1671b7236c1df281fa2,490,42
0xabacd9eb413fc4575533a1671b7236c1df281fa2,491,42
0xabacd9eb413fc4575533a1671b7236c1df281fa2,492,42
0xabacd9eb413fc4575533a1671b7236c1df281fa2,493,42
0xabacd9eb413fc4575533a1671b7236c1df281fa2,494,42
0xabacd9eb413fc4575533a1671b7236c1df281fa2,495,42
0xabacd9eb413fc4575533a1671b7236c1df281fa2,496,42
0xabacd9eb413fc4575533a1671b7236c1df281fa2,497,42
0xabacd9eb413fc4575533a1671b7236c1df281fa2,498,42
0xabacd9eb413fc4575533a1671b7236c1df281fa2,499,42
0xabacd9eb413fc4575533a1671b7236c1df281fa2,500,42
0xabacd9eb413fc4575533a1671b7236c1df281fa2,501,42
0xabacd9eb413fc4575533a1671b7236c1df281fa2,502,42
0xabacd9eb413fc4575533a1671b7236c1df281fa2,503,42
0xabacd9eb413fc4575533a1671b7236c1df281fa2,504,42
0xabacd9eb413fc4575533a1671b7236c1df281fa2,505,42
0xabacd9eb413fc4575533a1671b7236c1df281fa2,506,42
0xabacd9eb413fc4575533a1671b7236c1df281fa2,507,42
0xabacd9eb413fc4575533a1671b7236c1df281fa2,508,42
0xabacd9eb413fc4575533a1671b7236c1df281fa2,509,42
0xabacd9eb413fc4575533a1671b7236c1df281fa2,510,42
0xabacd9eb413fc4575533a1671b7236c1df281fa2,511,42
0xabacd9eb413fc4575533a1671b7236c1df281fa2,512,42
0xabacd9eb413fc4575533a1671b7236c1df281fa2,513,42
0xabacd9eb413fc4575533a1671b7236c1df281fa2,514,42
0xabacd9eb413fc4575533a1671b7236c1df281fa2,515,42
0xabacd9eb413fc4575533a1671b7236c1df281fa2,516,42
0xabacd9eb413fc4575533a1671b7236c1df281fa2,517,42
0xabacd9eb413fc4575533a1671b7236c1df281fa2,518,42
0xabacd9eb413fc4575533a1671b7236c1df281fa2,519,42
0xabacd9eb413fc4575533a1671b7236c1df281fa2,520,42
0xabacd9eb413fc4575533a1671b7236c1df281fa2,521,42
0xabacd9eb413fc4575533a1671b7236c1df281fa2,522,42
0xabacd9eb413fc4575533a1671b7236c1df281fa2,523,42
0xabacd9eb413fc4575533a1671b7236c1df281fa2,524,42
0xabacd9eb413fc4575533a1671b7236c1df281fa2,525,42
0xabacd9eb413fc4575533a1671b7236c1df281fa2,526,42
0xabacd9eb413fc4575533a1671b7236c1df281fa2,527,42
0xabacd9eb413fc4575533a1671b7236c1df281fa2,528,42
0xabacd9eb413fc4575533a1671b7236c1df281fa2,529,42
0xabacd9eb413fc4575533a1671b7236c1df281fa2,530,42
0xabacd9eb413fc4575533a1671b7236c1df281fa2,531,42
0xabacd9eb413fc4575533a1671b7236c1df281fa2,532,42
0xabacd9eb413fc4575533a1671b7236c1df281fa2,533,42
0xabacd9eb413fc4575533a1671b7236c1df281fa2,534,42
0xabacd9eb413fc4575533a1671b7236c1df281fa2,535,42
0xabacd9eb413fc4575533a1671b7236c1df281fa2,536,42
0xabacd9eb413fc4575533a1671b7236c1df281fa2,537,42
0xabacd9eb413fc4575533a1671b7236c1df281fa2,538,42
0xabacd9eb413fc4575533a1671b7236c1df281fa2,539,42
0xabacd9eb413fc4575533a1671b7236c1df281fa2,540,42
0xabacd9eb413fc4575533a1671b7236c1df281fa2,541,42
0xabacd9eb413fc4575533a1671b7236c1df281fa2,542,42
0xabacd9eb413fc4575533a1671b7236c1df281fa2,543,42
0xabacd9eb413fc4575533a1671b7236c1df281fa2,544,42
0xabacd9eb413fc4575533a1671b7236c1df281fa2,545,42
0xabacd9eb413fc4575533a1671b7236c1df281fa2,546,"42,47"
0xabacd9eb413fc4575533a1671b7236c1df281fa2,547,"42,47"
0xabacd9eb413fc4575533a1671b7236c1df281fa2,548,"42,47"
0xabacd9eb413fc4575533a1671b7236c1df281fa2,549,"42,47"
0xabacd9eb413fc4575533a1671b7236c1df281fa2,550,"42,47"
0xabacd9eb413fc4575533a1671b7236c1df281fa2,551,"42,47"
0xabacd9eb413fc4575533a1671b7236c1df281fa2,552,"42,47"
0xabacd9eb413fc4575533a1671b7236c1df281fa2,553,"42,47"
0xabacd9eb413fc4575533a1671b7236c1df281fa2,554,"42,47"
0xabacd9eb413fc4575533a1671b7236c1df281fa2,555,42
0xabacd9eb413fc4575533a1671b7236c1df281fa2,556,42
0xabacd9eb413fc4575533a1671b7236c1df281fa2,557,42
0xabacd9eb413fc4575533a1671b7236c1df281fa2,558,42
0xabacd9eb413fc4575533a1671b7236c1df281fa2,559,42
0xabacd9eb413fc4575533a1671b7236c1df281fa2,560,42
0xabacd9eb413fc4575533a1671b7236c1df281fa2,561,42
0xabacd9eb413fc4575533a1671b7236c1df281fa2,562,42
0xabacd9eb413fc4575533a1671b7236c1df281fa2,563,42
0xabacd9eb413fc4575533a1671b7236c1df281fa2,564,42
0xabacd9eb413fc4575533a1671b7236c1df281fa2,565,"42,47"
0xabacd9eb413fc4575533a1671b7236c1df281fa2,566,"42,47"
0xabacd9eb413fc4575533a1671b7236c1df281fa2,567,"42,47"
0xabacd9eb413fc4575533a1671b7236c1df281fa2,568,"42,47"
0xabacd9eb413fc4575533a1671b7236c1df281fa2,569,"42,47"
0xabacd9eb413fc4575533a1671b7236c1df281fa2,570,"42,47"
0xabacd9eb413fc4575533a1671b7236c1df281fa2,571,"42,47"
0xabacd9eb413fc4575533a1671b7236c1df281fa2,572,"42,47"
0xabacd9eb413fc4575533a1671b7236c1df281fa2,573,"42,47"
0xabacd9eb413fc4575533a1671b7236c1df281fa2,574,"42,47"
0xabacd9eb413fc4575533a1671b7236c1df281fa2,575,"42,47"
0xabacd9eb413fc4575533a1671b7236c1df281fa2,576,"42,47"
0xabacd9eb413fc4575533a1671b7236c1df281fa2,577,"42,47"
0xabacd9eb413fc4575533a1671b7236c1df281fa2,578,"42,47"
0xabacd9eb413fc4575533a1671b7236c1df281fa2,579,42
0xabacd9eb413fc4575533a1671b7236c1df281fa2,580,42
0xabacd9eb413fc4575533a1671b7236c1df281fa2,581,42
0xabacd9eb413fc4575533a1671b7236c1df281fa2,582,42
0xabacd9eb413fc4575533a1671b7236c1df281fa2,583,42
0xabacd9eb413fc4575533a1671b7236c1df281fa2,584,42
0xabacd9eb413fc4575533a1671b7236c1df281fa2,585,42
0xabacd9eb413fc4575533a1671b7236c1df281fa2,586,42
0xabacd9eb413fc4575533a1671b7236c1df281fa2,587,42
0xabacd9eb413fc4575533a1671b7236c1df281fa2,588,42
0xabacd9eb413fc4575533a1671b7236c1df281fa2,589,42
0xabacd9eb413fc4575533a1671b7236c1df281fa2,590,42
0xabacd9eb413fc4575533a1671b7236c1df281fa2,591,42
0xabacd9eb413fc4575533a1671b7236c1df281fa2,592,42
0xabacd9eb413fc4575533a1671b7236c1df281fa2,593,42
0xabacd9eb413fc4575533a1671b7236c1df281fa2,594,"42,47"
0xabacd9eb413fc4575533a1671b7236c1df281fa2,595,"42,47"
0xabacd9eb413fc4575533a1671b7236c1df281fa2,596,"42,47"
0xabacd9eb413fc4575533a1671b7236c1df281fa2,597,"42,47"
0xabacd9eb413fc4575533a1671b7236c1df281fa2,598,"42,47"
0xabacd9eb413fc4575533a1671b7236c1df281fa2,599,42
0xabacd9eb413fc4575533a1671b7236c1df281fa2,600,42
0xabacd9eb413fc4575533a1671b7236c1df281fa2,601,"42,47"
0xabacd9eb413fc4575533a1671b7236c1df281fa2,602,"42,47"
0xabacd9eb413fc4575533a1671b7236c1df281fa2,603,"42,47"
0xabacd9eb413fc4575533a1671b7236c1df281fa2,604,"42,47"
0xabacd9eb413fc4575533a1671b7236c1df281fa2,605,"42,47"
0xabacd9eb413fc4575533a1671b7236c1df281fa2,606,"42,47"
0xabacd9eb413fc4575533a1671b7236c1df281fa2,607,"42,47"
0xabacd9eb413fc4575533a1671b7236c1df281fa2,608,"42,47"
0xabacd9eb413fc4575533a1671b7236c1df281fa2,609,"42,47"
0xabacd9eb413fc4575533a1671b7236c1df281fa2,610,"42,47"
0xabacd9eb413fc4575533a1671b7236c1df281fa2,611,"42,47"
0xabacd9eb413fc4575533a1671b7236c1df281fa2,612,"42,47"
0xabacd9eb413fc4575533a1671b7236c1df281fa2,613,"42,47"
0xabacd9eb413fc4575533a1671b7236c1df281fa2,614,"42,47"
0xabacd9eb413fc4575533a1671b7236c1df281fa2,615,"42,47"
0xabacd9eb413fc4575533a1671b7236c1df281fa2,616,"42,47"
0xabacd9eb413fc4575533a1671b7236c1df281fa2,617,"42,47"
0xabacd9eb413fc4575533a1671b7236c1df281fa2,618,"42,47"
0xabacd9eb413fc4575533a1671b7236c1df281fa2,619,42
0xabacd9eb413fc4575533a1671b7236c1df281fa2,620,42
0xabacd9eb413fc4575533a1671b7236c1df281fa2,621,"42,47"
0xabacd9eb413fc4575533a1671b7236c1df281fa2,622,42
0xabacd9eb413fc4575533a1671b7236c1df281fa2,623,42
0xabacd9eb413fc4575533a1671b7236c1df281fa2,624,42
0xabacd9eb413fc4575533a1671b7236c1df281fa2,625,42
0xabacd9eb413fc4575533a1671b7236c1df281fa2,626,42
0xabacd9eb413fc4575533a1671b7236c1df281fa2,627,42
0xabacd9eb413fc4575533a1671b7236c1df281fa2,628,42
0xabacd9eb413fc4575533a1671b7236c1df281fa2,629,42
0xabacd9eb413fc4575533a1671b7236c1df281fa2,630,42
0xabacd9eb413fc4575533a1671b7236c1df281fa2,631,42
0xabacd9eb413fc4575533a1671b7236c1df281fa2,632,42
0xabacd9eb413fc4575533a1671b7236c1df281fa2,633,42
0xabacd9eb413fc4575533a1671b7236c1df281fa2,634,42
0xabacd9eb413fc4575533a1671b7236c1df281fa2,635,42
0xabacd9eb413fc4575533a1671b7236c1df281fa2,636,42
0xabacd9eb413fc4575533a1671b7236c1df281fa2,637,42
0xabacd9eb413fc4575533a1671b7236c1df281fa2,638,42
0xabacd9eb413fc4575533a1671b7236c1df281fa2,639,42
0xabacd9eb413fc4575533a1671b7236c1df281fa2,640,42
0xabacd9eb413fc4575533a1671b7236c1df281fa2,641,42
0xabacd9eb413fc4575533a1671b7236c1df281fa2,642,42
0xabacd9eb413fc4575533a1671b7236c1df281fa2,643,42
0xabacd9eb413fc4575533a1671b7236c1df281fa2,644,42
0xabacd9eb413fc4575533a1671b7236c1df281fa2,645,42
0xabacd9eb413fc4575533a1671b7236c1df281fa2,646,42
0xabacd9eb413fc4575533a1671b7236c1df281fa2,647,42
0xabacd9eb413fc4575533a1671b7236c1df281fa2,648,42
0xabacd9eb413fc4575533a1671b7236c1df281fa2,649,42
0xabacd9eb413fc4575533a1671b7236c1df281fa2,650,42
0xabacd9eb413fc4575533a1671b7236c1df281fa2,651,42
0xabacd9eb413fc4575533a1671b7236c1df281fa2,652,42
0xabacd9eb413fc4575533a1671b7236c1df281fa2,653,42
0xabacd9eb413fc4575533a1671b7236c1df281fa2,654,42
0xabacd9eb413fc4575533a1671b7236c1df281fa2,655,42
0xabacd9eb413fc4575533a1671b7236c1df281fa2,656,42
0xabacd9eb413fc4575533a1671b7236c1df281fa2,657,42
0xabacd9eb413fc4575533a1671b7236c1df281fa2,658,42
0xabacd9eb413fc4575533a1671b7236c1df281fa2,659,42
0xabacd9eb413fc4575533a1671b7236c1df281fa2,660,42
0xabacd9eb413fc4575533a1671b7236c1df281fa2,661,42
0xabacd9eb413fc4575533a1671b7236c1df281fa2,662,42
0xabacd9eb413fc4575533a1671b7236c1df281fa2,663,42
0xabacd9eb413fc4575533a1671b7236c1df281fa2,664,42
0xabacd9eb413fc4575533a1671b7236c1df281fa2,665,42
0xabacd9eb413fc4575533a1671b7236c1df281fa2,666,42
0xabacd9eb413fc4575533a1671b7236c1df281fa2,667,42
0xabacd9eb413fc4575533a1671b7236c1df281fa2,668,42
0xabacd9eb413fc4575533a1671b7236c1df281fa2,669,42
0xabacd9eb413fc4575533a1671b7236c1df281fa2,670,42
0xabacd9eb413fc4575533a1671b7236c1df281fa2,671,42
0xabacd9eb413fc4575533a1671b7236c1df281fa2,672,42
0xabacd9eb413fc4575533a1671b7236c1df281fa2,673,42
0xabacd9eb413fc4575533a1671b7236c1df281fa2,674,42
0xabacd9eb413fc4575533a1671b7236c1df281fa2,675,42
0xabacd9eb413fc4575533a1671b7236c1df281fa2,676,42
0xabacd9eb413fc4575533a1671b7236c1df281fa2,677,42
0xabacd9eb413fc4575533a1671b7236c1df281fa2,678,42
0xabacd9eb413fc4575533a1671b7236c1df281fa2,679,42
0xabacd9eb413fc4575533a1671b7236c1df281fa2,680,42
0xabacd9eb413fc4575533a1671b7236c1df281fa2,681,42
0xabacd9eb413fc4575533a1671b7236c1df281fa2,682,42
0xabacd9eb413fc4575533a1671b7236c1df281fa2,683,42
0xabacd9eb413fc4575533a1671b7236c1df281fa2,684,42
0xabacd9eb413fc4575533a1671b7236c1df281fa2,685,42
0xabacd9eb413fc4575533a1671b7236c1df281fa2,686,42
0xabacd9eb413fc4575533a1671b7236c1df281fa2,687,42
0xabacd9eb413fc4575533a1671b7236c1df281fa2,688,42
0xabacd9eb413fc4575533a1671b7236c1df281fa2,689,42
0xabacd9eb413fc4575533a1671b7236c1df281fa2,690,42
0xabacd9eb413fc4575533a1671b7236c1df281fa2,691,42
0xabacd9eb413fc4575533a1671b7236c1df281fa2,692,42
0xabacd9eb413fc4575533a1671b7236c1df281fa2,693,42
0xabacd9eb413fc4575533a1671b7236c1df281fa2,694,42
0xabacd9eb413fc4575533a1671b7236c1df281fa2,695,42
0xabacd9eb413fc4575533a1671b7236c1df281fa2,696,42
0xabacd9eb413fc4575533a1671b7236c1df281fa2,697,42
0xabacd9eb413fc4575533a1671b7236c1df281fa2,698,42
0xabacd9eb413fc4575533a1671b7236c1df281fa2,699,42
0xabacd9eb413fc4575533a1671b7236c1df281fa2,700,42
0xabacd9eb413fc4575533a1671b7236c1df281fa2,701,42
0xabacd9eb413fc4575533a1671b7236c1df281fa2,702,42
0xabacd9eb413fc4575533a1671b7236c1df281fa2,703,42
0xabacd9eb413fc4575533a1671b7236c1df281fa2,704,42
0xabacd9eb413fc4575533a1671b7236c1df281fa2,705,42
0xabacd9eb413fc4575533a1671b7236c1df281fa2,706,42
0xabacd9eb413fc4575533a1671b7236c1df281fa2,707,42
0xabacd9eb413fc4575533a1671b7236c1df281fa2,708,42
0xabacd9eb413fc4575533a1671b7236c1df281fa2,709,42
0xabacd9eb413fc4575533a1671b7236c1df281fa2,710,42
0xabacd9eb413fc4575533a1671b7236c1df281fa2,711,42
0xabacd9eb413fc4575533a1671b7236c1df281fa2,712,42
0xabacd9eb413fc4575533a1671b7236c1df281fa2,713,42
0xabacd9eb413fc4575533a1671b7236c1df281fa2,714,42
0xabacd9eb413fc4575533a1671b7236c1df281fa2,715,42
0xabacd9eb413fc4575533a1671b7236c1df281fa2,716,42
0xabacd9eb413fc4575533a1671b7236c1df281fa2,717,42
0xabacd9eb413fc4575533a1671b7236c1df281fa2,718,42
0xabacd9eb413fc4575533a1671b7236c1df281fa2,719,42
0xabacd9eb413fc4575533a1671b7236c1df281fa2,720,42
0xabacd9eb413fc4575533a1671b7236c1df281fa2,721,42
0xabacd9eb413fc4575533a1671b7236c1df281fa2,722,42
0xabacd9eb413fc4575533a1671b7236c1df281fa2,723,42
0xabacd9eb413fc4575533a1671b7236c1df281fa2,724,42
0xabacd9eb413fc4575533a1671b7236c1df281fa2,725,42
0xabacd9eb413fc4575533a1671b7236c1df281fa2,726,42
0xabacd9eb413fc4575533a1671b7236c1df281fa2,727,42
0xabacd9eb413fc4575533a1671b7236c1df281fa2,728,42
0xabacd9eb413fc4575533a1671b7236c1df281fa2,729,42
0xabacd9eb413fc4575533a1671b7236c1df281fa2,730,42
0xabacd9eb413fc4575533a1671b7236c1df281fa2,731,42
0xabacd9eb413fc4575533a1671b7236c1df281fa2,732,42
0xabacd9eb413fc4575533a1671b7236c1df281fa2,733,42
0xabacd9eb413fc4575533a1671b7236c1df281fa2,734,42
0xabacd9eb413fc4575533a1671b7236c1df281fa2,735,42
0xabacd9eb413fc4575533a1671b7236c1df281fa2,736,42
0xabacd9eb413fc4575533a1671b7236c1df281fa2,737,42
0xabacd9eb413fc4575533a1671b7236c1df281fa2,738,42
0xabacd9eb413fc4575533a1671b7236c1df281fa2,739,42
0xabacd9eb413fc4575533a1671b7236c1df281fa2,740,42
0xabacd9eb413fc4575533a1671b7236c1df281fa2,741,42
0xabacd9eb413fc4575533a1671b7236c1df281fa2,742,42
0xabacd9eb413fc4575533a1671b7236c1df281fa2,743,42
0xabacd9eb413fc4575533a1671b7236c1df281fa2,744,42
0xabacd9eb413fc4575533a1671b7236c1df281fa2,745,42
0xabacd9eb413fc4575533a1671b7236c1df281fa2,746,42
0xabacd9eb413fc4575533a1671b7236c1df281fa2,747,42
0xabacd9eb413fc4575533a1671b7236c1df281fa2,748,42
0xabacd9eb413fc4575533a1671b7236c1df281fa2,749,42
0xabacd9eb413fc4575533a1671b7236c1df281fa2,750,42
0xabacd9eb413fc4575533a1671b7236c1df281fa2,751,42
0xabacd9eb413fc4575533a1671b7236c1df281fa2,752,42
0xabacd9eb413fc4575533a1671b7236c1df281fa2,753,42
0xabacd9eb413fc4575533a1671b7236c1df281fa2,754,42
0xabacd9eb413fc4575533a1671b7236c1df281fa2,755,42
0xabacd9eb413fc4575533a1671b7236c1df281fa2,756,42
0xabacd9eb413fc4575533a1671b7236c1df281fa2,757,42
0xabacd9eb413fc4575533a1671b7236c1df281fa2,758,42
0xabacd9eb413fc4575533a1671b7236c1df281fa2,759,42
0xabacd9eb413fc4575533a1671b7236c1df281fa2,760,42
0xabacd9eb413fc4575533a1671b7236c1df281fa2,761,42
0xabacd9eb413fc4575533a1671b7236c1df281fa2,762,42
0xabacd9eb413fc4575533a1671b7236c1df281fa2,763,42
0xabacd9eb413fc4575533a1671b7236c1df281fa2,764,42
0xabacd9eb413fc4575533a1671b7236c1df281fa2,765,42
0xabacd9eb413fc4575533a1671b7236c1df281fa2,766,42
0xabacd9eb413fc4575533a1671b7236c1df281fa2,767,42
0xabacd9eb413fc4575533a1671b7236c1df281fa2,768,42
0xabacd9eb413fc4575533a1671b7236c1df281fa2,769,42
0xabacd9eb413fc4575533a1671b7236c1df281fa2,770,42
0xabacd9eb413fc4575533a1671b7236c1df281fa2,771,42
0xabacd9eb413fc4575533a1671b7236c1df281fa2,772,42
0xabacd9eb413fc4575533a1671b7236c1df281fa2,773,42
0xabacd9eb413fc4575533a1671b7236c1df281fa2,774,42
0xabacd9eb413fc4575533a1671b7236c1df281fa2,775,42
0xabacd9eb413fc4575533a1671b7236c1df281fa2,776,42
0xabacd9eb413fc4575533a1671b7236c1df281fa2,777,42
0xabacd9eb413fc4575533a1671b7236c1df281fa2,778,42
0xabacd9eb413fc4575533a1671b7236c1df281fa2,779,42
0xabacd9eb413fc4575533a1671b7236c1df281fa2,780,42
0xabacd9eb413fc4575533a1671b7236c1df281fa2,781,42
0xabacd9eb413fc4575533a1671b7236c1df281fa2,782,42
0xabacd9eb413fc4575533a1671b7236c1df281fa2,783,42
0xabacd9eb413fc4575533a1671b7236c1df281fa2,784,42
0xabacd9eb413fc4575533a1671b7236c1df281fa2,785,42
0xabacd9eb413fc4575533a1671b7236c1df281fa2,786,42
0xabacd9eb413fc4575533a1671b7236c1df281fa2,787,42
0xabacd9eb413fc4575533a1671b7236c1df281fa2,788,42
0xabacd9eb413fc4575533a1671b7236c1df281fa2,789,42
0xabacd9eb413fc4575533a1671b7236c1df281fa2,790,42
0xabacd9eb413fc4575533a1671b7236c1df281fa2,791,42
0xabacd9eb413fc4575533a1671b7236c1df281fa2,792,42
0xabacd9eb413fc4575533a1671b7236c1df281fa2,793,42
0xabacd9eb413fc4575533a1671b7236c1df281fa2,794,42
0xabacd9eb413fc4575533a1671b7236c1df281fa2,795,42
0xabacd9eb413fc4575533a1671b7236c1df281fa2,796,42
0xabacd9eb413fc4575533a1671b7236c1df281fa2,797,42
0xabacd9eb413fc4575533a1671b7236c1df281fa2,798,42
0xabacd9eb413fc4575533a1671b7236c1df281fa2,799,42
0xabacd9eb413fc4575533a1671b7236c1df281fa2,800,42
0xabacd9eb413fc4575533a1671b7236c1df281fa2,801,42
0xabacd9eb413fc4575533a1671b7236c1df281fa2,802,42
0xabacd9eb413fc4575533a1671b7236c1df281fa2,803,42
0xabacd9eb413fc4575533a1671b7236c1df281fa2,804,42
0xabacd9eb413fc4575533a1671b7236c1df281fa2,805,42
0xabacd9eb413fc4575533a1671b7236c1df281fa2,806,42
0xabacd9eb413fc4575533a1671b7236c1df281fa2,807,42
0xabacd9eb413fc4575533a1671b7236c1df281fa2,808,42
0xabacd9eb413fc4575533a1671b7236c1df281fa2,809,42
0xabacd9eb413fc4575533a1671b7236c1df281fa2,810,42
0xabacd9eb413fc4575533a1671b7236c1df281fa2,811,42
0xabacd9eb413fc4575533a1671b7236c1df281fa2,812,42
0xabacd9eb413fc4575533a1671b7236c1df281fa2,813,42
0xabacd9eb413fc4575533a1671b7236c1df281fa2,814,42
0xabacd9eb413fc4575533a1671b7236c1df281fa2,815,42
0xabacd9eb413fc4575533a1671b7236c1df281fa2,816,42
0xabacd9eb413fc4575533a1671b7236c1df281fa2,817,42
0xabacd9eb413fc4575533a1671b7236c1df281fa2,818,42
0xabacd9eb413fc4575533a1671b7236c1df281fa2,819,42
0xabacd9eb413fc4575533a1671b7236c1df281fa2,820,42
0xabacd9eb413fc4575533a1671b7236c1df281fa2,821,42
0xabacd9eb413fc4575533a1671b7236c1df281fa2,822,42
0xabacd9eb413fc4575533a1671b7236c1df281fa2,823,42
0xabacd9eb413fc4575533a1671b7236c1df281fa2,824,42
0xabacd9eb413fc4575533a1671b7236c1df281fa2,825,42
0xabacd9eb413fc4575533a1671b7236c1df281fa2,826,42
0xabacd9eb413fc4575533a1671b7236c1df281fa2,827,42
0xabacd9eb413fc4575533a1671b7236c1df281fa2,828,42
0xabacd9eb413fc4575533a1671b7236c1df281fa2,829,42
0xabacd9eb413fc4575533a1671b7236c1df281fa2,830,42
0xabacd9eb413fc4575533a1671b7236c1df281fa2,831,42
0xabacd9eb413fc4575533a1671b7236c1df281fa2,832,42
0xabacd9eb413fc4575533a1671b7236c1df281fa2,833,42
0xabacd9eb413fc4575533a1671b7236c1df281fa2,834,42
0xabacd9eb413fc4575533a1671b7236c1df281fa2,835,42
0xabacd9eb413fc4575533a1671b7236c1df281fa2,836,42
0xabacd9eb413fc4575533a1671b7236c1df281fa2,837,42
0xabacd9eb413fc4575533a1671b7236c1df281fa2,838,42
0xabacd9eb413fc4575533a1671b7236c1df281fa2,839,42
0xabacd9eb413fc4575533a1671b7236c1df281fa2,840,42
0xabacd9eb413fc4575533a1671b7236c1df281fa2,841,42
0xabacd9eb413fc4575533a1671b7236c1df281fa2,842,42
0xabacd9eb413fc4575533a1671b7236c1df281fa2,843,42
0xabacd9eb413fc4575533a1671b7236c1df281fa2,844,42
0xabacd9eb413fc4575533a1671b7236c1df281fa2,845,42
0xabacd9eb413fc4575533a1671b7236c1df281fa2,846,42
0xabacd9eb413fc4575533a1671b7236c1df281fa2,847,42
0xabacd9eb413fc4575533a1671b7236c1df281fa2,848,42
0xabacd9eb413fc4575533a1671b7236c1df281fa2,849,42
0xabacd9eb413fc4575533a1671b7236c1df281fa2,850,42
0xabacd9eb413fc4575533a1671b7236c1df281fa2,851,42
0xabacd9eb413fc4575533a1671b7236c1df281fa2,852,42
0xabacd9eb413fc4575533a1671b7236c1df281fa2,853,42
0xabacd9eb413fc4575533a1671b7236c1df281fa2,854,42
0xabacd9eb413fc4575533a1671b7236c1df281fa2,855,42
0xabacd9eb413fc4575533a1671b7236c1df281fa2,856,42
0xabacd9eb413fc4575533a1671b7236c1df281fa2,857,42
0xabacd9eb413fc4575533a1671b7236c1df281fa2,858,42
0xabacd9eb413fc4575533a1671b7236c1df281fa2,859,42
0xabacd9eb413fc4575533a1671b7236c1df281fa2,860,42
0xabacd9eb413fc4575533a1671b7236c1df281fa2,861,42
0xabacd9eb413fc4575533a1671b7236c1df281fa2,862,42
0xabacd9eb413fc4575533a1671b7236c1df281fa2,863,42
0xabacd9eb413fc4575533a1671b7236c1df281fa2,864,42
0xabacd9eb413fc4575533a1671b7236c1df281fa2,865,42
0xabacd9eb413fc4575533a1671b7236c1df281fa2,866,42
0xabacd9eb413fc4575533a1671b7236c1df281fa2,867,42
0xabacd9eb413fc4575533a1671b7236c1df281fa2,868,42
0xabacd9eb413fc4575533a1671b7236c1df281fa2,869,42
0xabacd9eb413fc4575533a1671b7236c1df281fa2,870,42
0xabacd9eb413fc4575533a1671b7236c1df281fa2,871,42
0xabacd9eb413fc4575533a1671b7236c1df281fa2,872,42
0xabacd9eb413fc4575533a1671b7236c1df281fa2,873,42
0xabacd9eb413fc4575533a1671b7236c1df281fa2,874,42
0xabacd9eb413fc4575533a1671b7236c1df281fa2,875,42
0xabacd9eb413fc4575533a1671b7236c1df281fa2,876,42
0xabacd9eb413fc4575533a1671b7236c1df281fa2,877,42
0xabacd9eb413fc4575533a1671b7236c1df281fa2,878,42
0xabacd9eb413fc4575533a1671b7236c1df281fa2,879,42
0xabacd9eb413fc4575533a1671b7236c1df281fa2,880,42
0xabacd9eb413fc4575533a1671b7236c1df281fa2,881,42
0xabacd9eb413fc4575533a1671b7236c1df281fa2,882,42
0xabacd9eb413fc4575533a1671b7236c1df281fa2,883,42
0xabacd9eb413fc4575533a1671b7236c1df281fa2,884,42
0xabacd9eb413fc4575533a1671b7236c1df281fa2,885,42
0xabacd9eb413fc4575533a1671b7236c1df281fa2,886,42
0xabacd9eb413fc4575533a1671b7236c1df281fa2,887,42
0xabacd9eb413fc4575533a1671b7236c1df281fa2,888,42
0xabacd9eb413fc4575533a1671b7236c1df281fa2,889,42
0xabacd9eb413fc4575533a1671b7236c1df281fa2,890,42
0xabacd9eb413fc4575533a1671b7236c1df281fa2,891,42
0xabacd9eb413fc4575533a1671b7236c1df281fa2,892,42
0xabacd9eb413fc4575533a1671b7236c1df281fa2,893,42
0xabacd9eb413fc4575533a1671b7236c1df281fa2,894,42
0xabacd9eb413fc4575533a1671b7236c1df281fa2,895,42
0xabacd9eb413fc4575533a1671b7236c1df281fa2,896,42
0xabacd9eb413fc4575533a1671b7236c1df281fa2,897,42
0xabacd9eb413fc4575533a1671b7236c1df281fa2,898,42
0xabacd9eb413fc4575533a1671b7236c1df281fa2,899,42
0xabacd9eb413fc4575533a1671b7236c1df281fa2,900,42
0xabacd9eb413fc4575533a1671b7236c1df281fa2,901,42
0xabacd9eb413fc4575533a1671b7236c1df281fa2,902,42
0xabacd9eb413fc4575533a1671b7236c1df281fa2,903,42
0xabacd9eb413fc4575533a1671b7236c1df281fa2,904,42
0xabacd9eb413fc4575533a1671b7236c1df281fa2,905,42
0xabacd9eb413fc4575533a1671b7236c1df281fa2,906,42
0xabacd9eb413fc4575533a1671b7236c1df281fa2,907,42
0xabacd9eb413fc4575533a1671b7236c1df281fa2,908,42
0xabacd9eb413fc4575533a1671b7236c1df281fa2,909,42
0xabacd9eb413fc4575533a1671b7236c1df281fa2,910,42
0xabacd9eb413fc4575533a1671b7236c1df281fa2,911,42
0xabacd9eb413fc4575533a1671b7236c1df281fa2,912,42
0xabacd9eb413fc4575533a1671b7236c1df281fa2,913,42
0xabacd9eb413fc4575533a1671b7236c1df281fa2,914,42
0xabacd9eb413fc4575533a1671b7236c1df281fa2,915,42
0xabacd9eb413fc4575533a1671b7236c1df281fa2,916,42
0xabacd9eb413fc4575533a1671b7236c1df281fa2,917,42
0xabacd9eb413fc4575533a1671b7236c1df281fa2,918,42
0xabacd9eb413fc4575533a1671b7236c1df281fa2,919,42
0xabacd9eb413fc4575533a1671b7236c1df281fa2,920,42
0xabacd9eb413fc4575533a1671b7236c1df281fa2,921,42
0xabacd9eb413fc4575533a1671b7236c1df281fa2,922,42
0xabacd9eb413fc4575533a1671b7236c1df281fa2,923,42
0xabacd9eb413fc4575533a1671b7236c1df281fa2,924,42
0xabacd9eb413fc4575533a1671b7236c1df281fa2,925,42
0xabacd9eb413fc4575533a1671b7236c1df281fa2,926,42
0xabacd9eb413fc4575533a1671b7236c1df281fa2,927,42
0xabacd9eb413fc4575533a1671b7236c1df281fa2,928,42
0xabacd9eb413fc4575533a1671b7236c1df281fa2,929,42
0xabacd9eb413fc4575533a1671b7236c1df281fa2,930,42
0xabacd9eb413fc4575533a1671b7236c1df281fa2,931,42
0xabacd9eb413fc4575533a1671b7236c1df281fa2,932,42
0xabacd9eb413fc4575533a1671b7236c1df281fa2,933,42
0xabacd9eb413fc4575533a1671b7236c1df281fa2,934,42
0xabacd9eb413fc4575533a1671b7236c1df281fa2,935,42
0xabacd9eb413fc4575533a1671b7236c1df281fa2,936,42
0xabacd9eb413fc4575533a1671b7236c1df281fa2,937,42
0xabacd9eb413fc4575533a1671b7236c1df281fa2,938,42
0xabacd9eb413fc4575533a1671b7236c1df281fa2,939,42
0xabacd9eb413fc4575533a1671b7236c1df281fa2,940,42
0xabacd9eb413fc4575533a1671b7236c1df281fa2,941,42
0xabacd9eb413fc4575533a1671b7236c1df281fa2,942,42
0xabacd9eb413fc4575533a1671b7236c1df281fa2,943,42
0xabacd9eb413fc4575533a1671b7236c1df281fa2,944,42
0xabacd9eb413fc4575533a1671b7236c1df281fa2,945,42
0xabacd9eb413fc4575533a1671b7236c1df281fa2,946,42
0xabacd9eb413fc4575533a1671b7236c1df281fa2,947,42
0xabacd9eb413fc4575533a1671b7236c1df281fa2,948,42
0xabacd9eb413fc4575533a1671b7236c1df281fa2,949,42
0xabacd9eb413fc4575533a1671b7236c1df281fa2,950,42
0xabacd9eb413fc4575533a1671b7236c1df281fa2,951,42
0xabacd9eb413fc4575533a1671b7236c1df281fa2,952,42
0xabacd9eb413fc4575533a1671b7236c1df281fa2,953,42
0xabacd9eb413fc4575533a1671b7236c1df281fa2,954,42
0xabacd9eb413fc4575533a1671b7236c1df281fa2,955,42
0xabacd9eb413fc4575533a1671b7236c1df281fa2,956,42
0xabacd9eb413fc4575533a1671b7236c1df281fa2,957,42
0xabacd9eb413fc4575533a1671b7236c1df281fa2,958,42
0xabacd9eb413fc4575533a1671b7236c1df281fa2,959,42
0xabacd9eb413fc4575533a1671b7236c1df281fa2,960,42
0xabacd9eb413fc4575533a1671b7236c1df281fa2,961,42
0xabacd9eb413fc4575533a1671b7236c1df281fa2,962,42
0xabacd9eb413fc4575533a1671b7236c1df281fa2,963,42
0xabacd9eb413fc4575533a1671b7236c1df281fa2,964,42
0xabacd9eb413fc4575533a1671b7236c1df281fa2,965,42
0xabacd9eb413fc4575533a1671b7236c1df281fa2,966,42
0xabacd9eb413fc4575533a1671b7236c1df281fa2,967,42
0xabacd9eb413fc4575533a1671b7236c1df281fa2,968,42
0xabacd9eb413fc4575533a1671b7236c1df281fa2,969,42
0xabacd9eb413fc4575533a1671b7236c1df281fa2,970,42
0xabacd9eb413fc4575533a1671b7236c1df281fa2,971,42
0xabacd9eb413fc4575533a1671b7236c1df281fa2,972,42
0xabacd9eb413fc4575533a1671b7236c1df281fa2,973,42
0xabacd9eb413fc4575533a1671b7236c1df281fa2,974,42
0xabacd9eb413fc4575533a1671b7236c1df281fa2,975,42
0xabacd9eb413fc4575533a1671b7236c1df281fa2,976,42
0xabacd9eb413fc4575533a1671b7236c1df281fa2,977,42
0xabacd9eb413fc4575533a1671b7236c1df281fa2,978,42
0xabacd9eb413fc4575533a1671b7236c1df281fa2,979,42
0xabacd9eb413fc4575533a1671b7236c1df281fa2,980,42
0xabacd9eb413fc4575533a1671b7236c1df281fa2,981,42
0xabacd9eb413fc4575533a1671b7236c1df281fa2,982,42
0xabacd9eb413fc4575533a1671b7236c1df281fa2,983,42
0xabacd9eb413fc4575533a1671b7236c1df281fa2,984,42
0xabacd9eb413fc4575533a1671b7236c1df281fa2,985,42
0xabacd9eb413fc4575533a1671b7236c1df281fa2,986,42
0xabacd9eb413fc4575533a1671b7236c1df281fa2,987,42
0xabacd9eb413fc4575533a1671b7236c1df281fa2,988,42
0xabacd9eb413fc4575533a1671b7236c1df281fa2,989,42
0xabacd9eb413fc4575533a1671b7236c1df281fa2,990,42
0xabacd9eb413fc4575533a1671b7236c1df281fa2,991,42
0xabacd9eb413fc4575533a1671b7236c1df281fa2,992,42
0xabacd9eb413fc4575533a1671b7236c1df281fa2,993,42
0xabacd9eb413fc4575533a1671b7236c1df281fa2,994,42
0xabacd9eb413fc4575533a1671b7236c1df281fa2,995,42
0xabacd9eb413fc4575533a1671b7236c1df281fa2,996,42
0xabacd9eb413fc4575533a1671b7236c1df281fa2,997,42
0xabacd9eb413fc4575533a1671b7236c1df281fa2,998,42
0xabacd9eb413fc4575533a1671b7236c1df281fa2,999,42
0xabacd9eb413fc4575533a1671b7236c1df281fa2,1000,42
0xabacd9eb413fc4575533a1671b7236c1df281fa2,1001,42
0xabacd9eb413fc4575533a1671b7236c1df281fa2,1002,42
0xabacd9eb413fc4575533a1671b7236c1df281fa2,1003,42
0xabacd9eb413fc4575533a1671b7236c1df281fa2,1004,42
0xabacd9eb413fc4575533a1671b7236c1df281fa2,1005,42
0xabacd9eb413fc4575533a1671b7236c1df281fa2,1006,42
0xabacd9eb413fc4575533a1671b7236c1df281fa2,1007,42
0xabacd9eb413fc4575533a1671b7236c1df281fa2,1008,42
0xabacd9eb413fc4575533a1671b7236c1df281fa2,1009,42
0xabacd9eb413fc4575533a1671b7236c1df281fa2,1010,42
0xabacd9eb413fc4575533a1671b7236c1df281fa2,1011,42
0xabacd9eb413fc4575533a1671b7236c1df281fa2,1012,42
0xabacd9eb413fc4575533a1671b7236c1df281fa2,1013,42
0xabacd9eb413fc4575533a1671b7236c1df281fa2,1014,42
0xabacd9eb413fc4575533a1671b7236c1df281fa2,1015,42
0xabacd9eb413fc4575533a1671b7236c1df281fa2,1016,42
0xabacd9eb413fc4575533a1671b7236c1df281fa2,1017,42
0xabacd9eb413fc4575533a1671b7236c1df281fa2,1018,42
0xabacd9eb413fc4575533a1671b7236c1df281fa2,1019,42
0xabacd9eb413fc4575533a1671b7236c1df281fa2,1020,42
0xabacd9eb413fc4575533a1671b7236c1df281fa2,1021,42
0xabacd9eb413fc4575533a1671b7236c1df281fa2,1022,42
0xabacd9eb413fc4575533a1671b7236c1df281fa2,1023,42
0xabacd9eb413fc4575533a1671b7236c1df281fa2,1024,42
0xabacd9eb413fc4575533a1671b7236c1df281fa2,1025,42
0xabacd9eb413fc4575533a1671b7236c1df281fa2,1026,42
0xabacd9eb413fc4575533a1671b7236c1df281fa2,1027,42
0xabacd9eb413fc4575533a1671b7236c1df281fa2,1028,42
0xabacd9eb413fc4575533a1671b7236c1df281fa2,1029,42
0xabacd9eb413fc4575533a1671b7236c1df281fa2,1030,42
0xabacd9eb413fc4575533a1671b7236c1df281fa2,1031,42
0xabacd9eb413fc4575533a1671b7236c1df281fa2,1032,42
0xabacd9eb413fc4575533a1671b7236c1df281fa2,1033,42
0xabacd9eb413fc4575533a1671b7236c1df281fa2,1034,42
0xabacd9eb413fc4575533a1671b7236c1df281fa2,1035,42
0xabacd9eb413fc4575533a1671b7236c1df281fa2,1036,42
0xabacd9eb413fc4575533a1671b7236c1df281fa2,1037,42
0xabacd9eb413fc4575533a1671b7236c1df281fa2,1038,42
0xabacd9eb413fc4575533a1671b7236c1df281fa2,1039,42
0xabacd9eb413fc4575533a1671b7236c1df281fa2,1040,42
0xabacd9eb413fc4575533a1671b7236c1df281fa2,1041,42
0xabacd9eb413fc4575533a1671b7236c1df281fa2,1042,42
0xabacd9eb413fc4575533a1671b7236c1df281fa2,1043,42
0xabacd9eb413fc4575533a1671b7236c1df281fa2,1044,42
0xabacd9eb413fc4575533a1671b7236c1df281fa2,1045,42
0xabacd9eb413fc4575533a1671b7236c1df281fa2,1046,42
0xabacd9eb413fc4575533a1671b7236c1df281fa2,1047,42
0xabacd9eb413fc4575533a1671b7236c1df281fa2,1048,42
0xabacd9eb413fc4575533a1671b7236c1df281fa2,1049,42
0xabacd9eb413fc4575533a1671b7236c1df281fa2,1050,42
0xabacd9eb413fc4575533a1671b7236c1df281fa2,1051,42
0xabacd9eb413fc4575533a1671b7236c1df281fa2,1052,"42,47"
0xabacd9eb413fc4575533a1671b7236c1df281fa2,1053,"42,47"
0xabacd9eb413fc4575533a1671b7236c1df281fa2,1054,"42,43,11"
0xabacd9eb413fc4575533a1671b7236c1df281fa2,1055,"42,43,11"
0xabacd9eb413fc4575533a1671b7236c1df281fa2,1056,"42,43,11"
0xabacd9eb413fc4575533a1671b7236c1df281fa2,1057,"42,43,11"
0xabacd9eb413fc4575533a1671b7236c1df281fa2,1058,"42,43,11"
0xabacd9eb413fc4575533a1671b7236c1df281fa2,1059,"42,43,11"
0xabacd9eb413fc4575533a1671b7236c1df281fa2,1060,"42,43,11"
0xabacd9eb413fc4575533a1671b7236c1df281fa2,1061,"42,43,11"
0xabacd9eb413fc4575533a1671b7236c1df281fa2,1062,"42,43,11"
0xabacd9eb413fc4575533a1671b7236c1df281fa2,1063,"42,43,11"
0xabacd9eb413fc4575533a1671b7236c1df281fa2,1064,42
0xabacd9eb413fc4575533a1671b7236c1df281fa2,1065,"42,43,11"
0xabacd9eb413fc4575533a1671b7236c1df281fa2,1066,"42,43,11"
0xabacd9eb413fc4575533a1671b7236c1df281fa2,1067,42
0xabacd9eb413fc4575533a1671b7236c1df281fa2,1068,42
0xabacd9eb413fc4575533a1671b7236c1df281fa2,1069,42
0xabacd9eb413fc4575533a1671b7236c1df281fa2,1070,42
0xabacd9eb413fc4575533a1671b7236c1df281fa2,1071,42
0xabacd9eb413fc4575533a1671b7236c1df281fa2,1072,42
0xabacd9eb413fc4575533a1671b7236c1df281fa2,1073,42
0xabacd9eb413fc4575533a1671b7236c1df281fa2,1074,42
0xabacd9eb413fc4575533a1671b7236c1df281fa2,1075,42
0xabacd9eb413fc4575533a1671b7236c1df281fa2,1076,42
0xabacd9eb413fc4575533a1671b7236c1df281fa2,1077,42
0xabacd9eb413fc4575533a1671b7236c1df281fa2,1078,42
0xabacd9eb413fc4575533a1671b7236c1df281fa2,1079,42
0xabacd9eb413fc4575533a1671b7236c1df281fa2,1080,42
0xabacd9eb413fc4575533a1671b7236c1df281fa2,1081,42
0xabacd9eb413fc4575533a1671b7236c1df281fa2,1082,42
0xabacd9eb413fc4575533a1671b7236c1df281fa2,1083,42
0xabacd9eb413fc4575533a1671b7236c1df281fa2,1084,42
0xabacd9eb413fc4575533a1671b7236c1df281fa2,1085,42
0xabacd9eb413fc4575533a1671b7236c1df281fa2,1086,42
0xabacd9eb413fc4575533a1671b7236c1df281fa2,1087,42
0xabacd9eb413fc4575533a1671b7236c1df281fa2,1088,42
0xabacd9eb413fc4575533a1671b7236c1df281fa2,1089,42
0xabacd9eb413fc4575533a1671b7236c1df281fa2,1090,42
0xabacd9eb413fc4575533a1671b7236c1df281fa2,1091,42
0xabacd9eb413fc4575533a1671b7236c1df281fa2,1092,42
0xabacd9eb413fc4575533a1671b7236c1df281fa2,1093,42
0xabacd9eb413fc4575533a1671b7236c1df281fa2,1094,42
0xabacd9eb413fc4575533a1671b7236c1df281fa2,1095,42
0xabacd9eb413fc4575533a1671b7236c1df281fa2,1096,42
0xabacd9eb413fc4575533a1671b7236c1df281fa2,1097,42
0xabacd9eb413fc4575533a1671b7236c1df281fa2,1098,42
0xabacd9eb413fc4575533a1671b7236c1df281fa2,1099,42
0xabacd9eb413fc4575533a1671b7236c1df281fa2,1100,42
0xabacd9eb413fc4575533a1671b7236c1df281fa2,1101,42
0xabacd9eb413fc4575533a1671b7236c1df281fa2,1102,42
0xabacd9eb413fc4575533a1671b7236c1df281fa2,1103,42
0xabacd9eb413fc4575533a1671b7236c1df281fa2,1104,42
0xabacd9eb413fc4575533a1671b7236c1df281fa2,1105,42
0xabacd9eb413fc4575533a1671b7236c1df281fa2,1106,42
0xabacd9eb413fc4575533a1671b7236c1df281fa2,1107,42
0xabacd9eb413fc4575533a1671b7236c1df281fa2,1108,42
0xabacd9eb413fc4575533a1671b7236c1df281fa2,1109,42
0xabacd9eb413fc4575533a1671b7236c1df281fa2,1110,42
0xabacd9eb413fc4575533a1671b7236c1df281fa2,1111,42
0xabacd9eb413fc4575533a1671b7236c1df281fa2,1112,42
0xabacd9eb413fc4575533a1671b7236c1df281fa2,1113,42
0xabacd9eb413fc4575533a1671b7236c1df281fa2,1114,42
0xabacd9eb413fc4575533a1671b7236c1df281fa2,1115,42
0xabacd9eb413fc4575533a1671b7236c1df281fa2,1116,42
0xabacd9eb413fc4575533a1671b7236c1df281fa2,1117,42
0xabacd9eb413fc4575533a1671b7236c1df281fa2,1118,42
0xabacd9eb413fc4575533a1671b7236c1df281fa2,1119,42
0xabacd9eb413fc4575533a1671b7236c1df281fa2,1120,42
0xabacd9eb413fc4575533a1671b7236c1df281fa2,1121,"42,41"
0xabacd9eb413fc4575533a1671b7236c1df281fa2,1122,"42,41"
0xabacd9eb413fc4575533a1671b7236c1df281fa2,1123,"42,47"
0xabacd9eb413fc4575533a1671b7236c1df281fa2,1124,"42,47"
0xabacd9eb413fc4575533a1671b7236c1df281fa2,1125,"42,47"
0xabacd9eb413fc4575533a1671b7236c1df281fa2,1126,"42,47"
0xabacd9eb413fc4575533a1671b7236c1df281fa2,1127,"42,47"
0xabacd9eb413fc4575533a1671b7236c1df281fa2,1128,"42,47"
0xabacd9eb413fc4575533a1671b7236c1df281fa2,1129,"42,47"
0xabacd9eb413fc4575533a1671b7236c1df281fa2,1130,"42,47"
0xabacd9eb413fc4575533a1671b7236c1df281fa2,1131,"42,47"
0xabacd9eb413fc4575533a1671b7236c1df281fa2,1132,"42,47"
0xabacd9eb413fc4575533a1671b7236c1df281fa2,1133,"42,43,11"
0xabacd9eb413fc4575533a1671b7236c1df281fa2,1134,"42,43,11"
0xabacd9eb413fc4575533a1671b7236c1df281fa2,1135,"42,43,11"
0xabacd9eb413fc4575533a1671b7236c1df281fa2,1136,"42,43,11"
0xabacd9eb413fc4575533a1671b7236c1df281fa2,1137,"42,43,11"
0xabacd9eb413fc4575533a1671b7236c1df281fa2,1138,"42,43,11"
0xabacd9eb413fc4575533a1671b7236c1df281fa2,1139,"42,47"
0xabacd9eb413fc4575533a1671b7236c1df281fa2,1140,"42,47"
0xabacd9eb413fc4575533a1671b7236c1df281fa2,1141,"42,47"
0xabacd9eb413fc4575533a1671b7236c1df281fa2,1142,"42,47"
0xabacd9eb413fc4575533a1671b7236c1df281fa2,1143,"42,47"
0xabacd9eb413fc4575533a1671b7236c1df281fa2,1144,"42,43,11"
0xabacd9eb413fc4575533a1671b7236c1df281fa2,1145,"42,43,11"
0xabacd9eb413fc4575533a1671b7236c1df281fa2,1146,"42,43,11"
0xabacd9eb413fc4575533a1671b7236c1df281fa2,1147,42
0xabacd9eb413fc4575533a1671b7236c1df281fa2,1148,42
0xabacd9eb413fc4575533a1671b7236c1df281fa2,1149,42
0xabacd9eb413fc4575533a1671b7236c1df281fa2,1150,42
0xabacd9eb413fc4575533a1671b7236c1df281fa2,1151,42
0xabacd9eb413fc4575533a1671b7236c1df281fa2,1152,42
0xabacd9eb413fc4575533a1671b7236c1df281fa2,1153,42
0xabacd9eb413fc4575533a1671b7236c1df281fa2,1154,42
0xabacd9eb413fc4575533a1671b7236c1df281fa2,1155,42
0xabacd9eb413fc4575533a1671b7236c1df281fa2,1156,42
0xabacd9eb413fc4575533a1671b7236c1df281fa2,1157,"42,47"
0xabacd9eb413fc4575533a1671b7236c1df281fa2,1158,"42,47"
0xabacd9eb413fc4575533a1671b7236c1df281fa2,1159,"42,47"
0xabacd9eb413fc4575533a1671b7236c1df281fa2,1160,"42,47"
0xabacd9eb413fc4575533a1671b7236c1df281fa2,1161,"42,43,11"
0xabacd9eb413fc4575533a1671b7236c1df281fa2,1162,"42,43,11"
0xabacd9eb413fc4575533a1671b7236c1df281fa2,1163,"42,43,11"
0xabacd9eb413fc4575533a1671b7236c1df281fa2,1164,"42,41"
0xabacd9eb413fc4575533a1671b7236c1df281fa2,1165,"42,41"
0xabacd9eb413fc4575533a1671b7236c1df281fa2,1166,"42,41"
0xabacd9eb413fc4575533a1671b7236c1df281fa2,1167,"42,41"
0x869a96493d64ed5bbbfc24d96c5e84f95e558cf2,1,"2,4"
0x869a96493d64ed5bbbfc24d96c5e84f95e558cf2,2,23
0x869a96493d64ed5bbbfc24d96c5e84f95e558cf2,3,25
0x869a96493d64ed5bbbfc24d96c5e84f95e558cf2,4,29
0x869a96493d64ed5bbbfc24d96c5e84f95e558cf2,5,31
0x869a96493d64ed5bbbfc24d96c5e84f95e558cf2,6,"22,32"
0x869a96493d64ed5bbbfc24d96c5e84f95e558cf2,7,"33,5"
0x869a96493d64ed5bbbfc24d96c5e84f95e558cf2,8,"38,27"
0x869a96493d64ed5bbbfc24d96c5e84f95e558cf2,9,37
0x869a96493d64ed5bbbfc24d96c5e84f95e558cf2,10,35
0x869a96493d64ed5bbbfc24d96c5e84f95e558cf2,11,34
0x869a96493d64ed5bbbfc24d96c5e84f95e558cf2,12,"2,35,37"
0x869a96493d64ed5bbbfc24d96c5e84f95e558cf2,13,"28,35,41"
0x869a96493d64ed5bbbfc24d96c5e84f95e558cf2,14,42
0x869a96493d64ed5bbbfc24d96c5e84f95e558cf2,15,42
0x869a96493d64ed5bbbfc24d96c5e84f95e558cf2,16,"26,7,17,41,37,15,29,44,27,31,5"
0x869a96493d64ed5bbbfc24d96c5e84f95e558cf2,17,45
0x869a96493d64ed5bbbfc24d96c5e84f95e558cf2,19,46
0x869a96493d64ed5bbbfc24d96c5e84f95e558cf2,20,47
0x869a96493d64ed5bbbfc24d96c5e84f95e558cf2,21,4
0x869a96493d64ed5bbbfc24d96c5e84f95e558cf2,22,48
0x869a96493d64ed5bbbfc24d96c5e84f95e558cf2,23,"2,37"
0x869a96493d64ed5bbbfc24d96c5e84f95e558cf2,24,"49,51"
0x869a96493d64ed5bbbfc24d96c5e84f95e558cf2,25,"29,52"
0x869a96493d64ed5bbbfc24d96c5e84f95e558cf2,27,1
0x869a96493d64ed5bbbfc24d96c5e84f95e558cf2,28,35
0x869a96493d64ed5bbbfc24d96c5e84f95e558cf2,29,57
0x869a96493d64ed5bbbfc24d96c5e84f95e558cf2,30,"22,59"
0x869a96493d64ed5bbbfc24d96c5e84f95e558cf2,31,42
0x869a96493d64ed5bbbfc24d96c5e84f95e558cf2,32,61
0x869a96493d64ed5bbbfc24d96c5e84f95e558cf2,34,63
0x869a96493d64ed5bbbfc24d96c5e84f95e558cf2,35,64
0x869a96493d64ed5bbbfc24d96c5e84f95e558cf2,36,66
0x869a96493d64ed5bbbfc24d96c5e84f95e558cf2,37,67
0x869a96493d64ed5bbbfc24d96c5e84f95e558cf2,41,62
0x869a96493d64ed5bbbfc24d96c5e84f95e558cf2,43,100
0x869a96493d64ed5bbbfc24d96c5e84f95e558cf2,44,"1,2,3,4,5,6,9,10,11,14,15,17,18,22,24,25,27,28,32,35,37,42,46,57,61,69,71,85"
0x869a96493d64ed5bbbfc24d96c5e84f95e558cf2,45,"4,114"
0x869a96493d64ed5bbbfc24d96c5e84f95e558cf2,46,115
0x869a96493d64ed5bbbfc24d96c5e84f95e558cf2,47,"69,116"
0x869a96493d64ed5bbbfc24d96c5e84f95e558cf2,48,"35,46"
0x869a96493d64ed5bbbfc24d96c5e84f95e558cf2,49,"35,27"
0xa2C8D8adaE332572B86Ca5f87027eEe8a5Fd7058,50,52
0x83a079036879f878f438e8df79a76dbd98ec23cf,2,49
0x83a079036879f878f438e8df79a76dbd98ec23cf,3,61
0x83a079036879f878f438e8df79a76dbd98ec23cf,5,51
0x83a079036879f878f438e8df79a76dbd98ec23cf,7,60
0x83a079036879f878f438e8df79a76dbd98ec23cf,9,66
0x83a079036879f878f438e8df79a76dbd98ec23cf,10,67
0x83a079036879f878f438e8df79a76dbd98ec23cf,11,48
0x83a079036879f878f438e8df79a76dbd98ec23cf,12,53
0x83a079036879f878f438e8df79a76dbd98ec23cf,13,56
0x83a079036879f878f438e8df79a76dbd98ec23cf,14,71
0x83a079036879f878f438e8df79a76dbd98ec23cf,15,69
0x83a079036879f878f438e8df79a76dbd98ec23cf,16,63
0x83a079036879f878f438e8df79a76dbd98ec23cf,17,73
0x83a079036879f878f438e8df79a76dbd98ec23cf,18,77
0x83a079036879f878f438e8df79a76dbd98ec23cf,20,50
0x83a079036879f878f438e8df79a76dbd98ec23cf,21,82
0x83a079036879f878f438e8df79a76dbd98ec23cf,22,64
0x83a079036879f878f438e8df79a76dbd98ec23cf,23,74
0x83a079036879f878f438e8df79a76dbd98ec23cf,24,84
0x83a079036879f878f438e8df79a76dbd98ec23cf,25,55
0x83a079036879f878f438e8df79a76dbd98ec23cf,26,76
0x83a079036879f878f438e8df79a76dbd98ec23cf,27,65
0x83a079036879f878f438e8df79a76dbd98ec23cf,29,85
0x83a079036879f878f438e8df79a76dbd98ec23cf,30,59
0x83a079036879f878f438e8df79a76dbd98ec23cf,31,81
0x83a079036879f878f438e8df79a76dbd98ec23cf,32,86
0x83a079036879f878f438e8df79a76dbd98ec23cf,33,58
0x83a079036879f878f438e8df79a76dbd98ec23cf,34,79
0x83a079036879f878f438e8df79a76dbd98ec23cf,35,62
0x83a079036879f878f438e8df79a76dbd98ec23cf,36,78
0x83a079036879f878f438e8df79a76dbd98ec23cf,37,54
0x83a079036879f878f438e8df79a76dbd98ec23cf,38,68
0x83a079036879f878f438e8df79a76dbd98ec23cf,39,75
0x83a079036879f878f438e8df79a76dbd98ec23cf,40,57
0x83a079036879f878f438e8df79a76dbd98ec23cf,41,80
0x83a079036879f878f438e8df79a76dbd98ec23cf,42,52
0x83a079036879f878f438e8df79a76dbd98ec23cf,43,83
0x83a079036879f878f438e8df79a76dbd98ec23cf,44,70
0x83a079036879f878f438e8df79a76dbd98ec23cf,45,72
0x83a079036879f878f438e8df79a76dbd98ec23cf,6,"1,2,3,4,5,6,7,8,9,10,11,12,13,14,15,16,17,18,19,20,21,22,23,24,25,26,27,28,29,30,31,32,33,34,35,36,37,38,39,40,41,42,43,44,45,46,47 "
0x83a079036879f878f438e8df79a76dbd98ec23cf,8,"48,49,50,51,52,53,54,55,56,57,58,59,60,61,62,63,64,65,66,67,68,69,70,71,72,73,74,75,76,77,78,79,80,81,82,83,84,85,86 "
0x201360e23B6468481Af7116e4BB0EF95Ba67afC2,8,"8, 9"
0x201360e23B6468481Af7116e4BB0EF95Ba67afC2,9,25
0x201360e23B6468481Af7116e4BB0EF95Ba67afC2,10,25
0x54C45f3E00A1AAa12946FE509923ff33DBBa28D6,1,38
0x54C45f3E00A1AAa12946FE509923ff33DBBa28D6,2,25
0x54C45f3E00A1AAa12946FE509923ff33DBBa28D6,3,3
0x54C45f3E00A1AAa12946FE509923ff33DBBa28D6,4,1
0x54C45f3E00A1AAa12946FE509923ff33DBBa28D6,5,25
0x54C45f3E00A1AAa12946FE509923ff33DBBa28D6,6,18
0x54C45f3E00A1AAa12946FE509923ff33DBBa28D6,7,29
0x54C45f3E00A1AAa12946FE509923ff33DBBa28D6,8,42
0x54C45f3E00A1AAa12946FE509923ff33DBBa28D6,9,20
0x54C45f3E00A1AAa12946FE509923ff33DBBa28D6,10,38
0x54C45f3E00A1AAa12946FE509923ff33DBBa28D6,11,34
0x54C45f3E00A1AAa12946FE509923ff33DBBa28D6,12,16
0x54C45f3E00A1AAa12946FE509923ff33DBBa28D6,13,23
0x54C45f3E00A1AAa12946FE509923ff33DBBa28D6,14,33
0x54C45f3E00A1AAa12946FE509923ff33DBBa28D6,15,8
0x54C45f3E00A1AAa12946FE509923ff33DBBa28D6,16,42
0x54C45f3E00A1AAa12946FE509923ff33DBBa28D6,17,40
0x54C45f3E00A1AAa12946FE509923ff33DBBa28D6,18,21
0x54C45f3E00A1AAa12946FE509923ff33DBBa28D6,19,21
0x54C45f3E00A1AAa12946FE509923ff33DBBa28D6,20,31
0x54C45f3E00A1AAa12946FE509923ff33DBBa28D6,21,2
0x54C45f3E00A1AAa12946FE509923ff33DBBa28D6,22,39
0x54C45f3E00A1AAa12946FE509923ff33DBBa28D6,23,30
0x54C45f3E00A1AAa12946FE509923ff33DBBa28D6,24,30
0x54C45f3E00A1AAa12946FE509923ff33DBBa28D6,25,21
0x54C45f3E00A1AAa12946FE509923ff33DBBa28D6,26,14
0x54C45f3E00A1AAa12946FE509923ff33DBBa28D6,27,13
0x54C45f3E00A1AAa12946FE509923ff33DBBa28D6,28,15
0x54C45f3E00A1AAa12946FE509923ff33DBBa28D6,29,25
0x54C45f3E00A1AAa12946FE509923ff33DBBa28D6,30,46
0x54C45f3E00A1AAa12946FE509923ff33DBBa28D6,31,19
0x54C45f3E00A1AAa12946FE509923ff33DBBa28D6,32,41
0x54C45f3E00A1AAa12946FE509923ff33DBBa28D6,33,28
0x54C45f3E00A1AAa12946FE509923ff33DBBa28D6,34,44
0x54C45f3E00A1AAa12946FE509923ff33DBBa28D6,35,22
0x54C45f3E00A1AAa12946FE509923ff33DBBa28D6,36,32
0x54C45f3E00A1AAa12946FE509923ff33DBBa28D6,37,27
0x54C45f3E00A1AAa12946FE509923ff33DBBa28D6,38,17
0x54C45f3E00A1AAa12946FE509923ff33DBBa28D6,39,6
0x54C45f3E00A1AAa12946FE509923ff33DBBa28D6,40,36
0x54C45f3E00A1AAa12946FE509923ff33DBBa28D6,41,10
0x54C45f3E00A1AAa12946FE509923ff33DBBa28D6,42,9
0x54C45f3E00A1AAa12946FE509923ff33DBBa28D6,43,35
0x54C45f3E00A1AAa12946FE509923ff33DBBa28D6,44,45
0x54C45f3E00A1AAa12946FE509923ff33DBBa28D6,45,7
0x54C45f3E00A1AAa12946FE509923ff33DBBa28D6,46,11
0x54C45f3E00A1AAa12946FE509923ff33DBBa28D6,47,26
0x54C45f3E00A1AAa12946FE509923ff33DBBa28D6,48,47
0x54C45f3E00A1AAa12946FE509923ff33DBBa28D6,49,43
0x54C45f3E00A1AAa12946FE509923ff33DBBa28D6,50,5
0x54C45f3E00A1AAa12946FE509923ff33DBBa28D6,51,12
0x54C45f3E00A1AAa12946FE509923ff33DBBa28D6,52,24
0x54C45f3E00A1AAa12946FE509923ff33DBBa28D6,53,4
0x55d1422cd99e98abfa1a4c13983aa2765b6ec539,21,85
0x55d1422cd99e98abfa1a4c13983aa2765b6ec539,25,1
0x55d1422cd99e98abfa1a4c13983aa2765b6ec539,24,1
0x55d1422cd99e98abfa1a4c13983aa2765b6ec539,9,52
0x55d1422cd99e98abfa1a4c13983aa2765b6ec539,14,73
0x55d1422cd99e98abfa1a4c13983aa2765b6ec539,28,103
0x55d1422cd99e98abfa1a4c13983aa2765b6ec539,16,61
0x55d1422cd99e98abfa1a4c13983aa2765b6ec539,22,86
0x55d1422cd99e98abfa1a4c13983aa2765b6ec539,12,"56, 1, 5, 10, 21, 8, 31, 44, 52, 3"
0x55d1422cd99e98abfa1a4c13983aa2765b6ec539,3,1
0x55d1422cd99e98abfa1a4c13983aa2765b6ec539,23,"3, 2"
0x55d1422cd99e98abfa1a4c13983aa2765b6ec539,17,5
0x46406a70e3693f6539e7af72465b981d2fa25c46,7,1
0x46406a70e3693f6539e7af72465b981d2fa25c46,141,49
0x246e33b47a42b7215c411b1c42a0be966e3e3b70,1,57
0x246e33b47a42b7215c411b1c42a0be966e3e3b70,2,58
0x246e33b47a42b7215c411b1c42a0be966e3e3b70,3,2
0x246e33b47a42b7215c411b1c42a0be966e3e3b70,4,"4,52"
0x246e33b47a42b7215c411b1c42a0be966e3e3b70,5,3
0x246e33b47a42b7215c411b1c42a0be966e3e3b70,6,9
0x246e33b47a42b7215c411b1c42a0be966e3e3b70,8,59
0xdd6685d248d3046189eb392dccc0986b52677805,1,"4,52,59,82"
0x449f661c53aE0611a24c2883a910A563A7e42489,85,"1,4"
0x449f661c53aE0611a24c2883a910A563A7e42489,101,"31,12,26"
0x449f661c53aE0611a24c2883a910A563A7e42489,100,"13,31"
0x449f661c53aE0611a24c2883a910A563A7e42489,102,"26,2,35,43"
0x449f661c53aE0611a24c2883a910A563A7e42489,104,"2,8,16,53,63,67"
0x449f661c53aE0611a24c2883a910A563A7e42489,112,"7,26"
0x449f661c53aE0611a24c2883a910A563A7e42489,129,"1,2,3,4,7"
0x449f661c53aE0611a24c2883a910A563A7e42489,147,"3,68,7,90,45,53,76"
0x449f661c53aE0611a24c2883a910A563A7e42489,153,"2,4,8,35,24,22,93"
0x76872a0B98866BeD7176750763EF018D69852a5C,1,"7,26"
0x76872a0B98866BeD7176750763EF018D69852a5C,2,"26,86"
0x76872a0B98866BeD7176750763EF018D69852a5C,5,"1,2,35,45,"
0x76872a0B98866BeD7176750763EF018D69852a5C,6,"21,1,7,53,96,106"
0xca855e331f731022fc6d81aa8a0faf8081e18d84,1,13
0xeb6218996085c1f31448229c70d1e35f3d0b1d54,1,"1,2,3,4,5,6,7,8,9,10,11,12,13,14,15,16,17,18,19,20,21,22,23,24,25,26,27,28,29,30,31,32,33,34,35,36,37,38,39,40,41,42,43,44,45,46,47,48,49,50,51,52,53,54,55,56,57,58,59,60,61,62,63,64,65,66,67,68,69,70,71,72,73,74,75,76,77,78,79,80,81,82,83,84,85,86,87,88,89,90,91,92,93,94,95,96,97,98,99,100,101,102,103,104,105,106 "
0xc88dAB063CD75C2b65d49728F82CDA1b8891Fa54,1,"48,49,50,51,52,53,54,55,56,57,58,59,60,61,62,63,64,65,66,67,68,69,70,71,72,73,74,75,76,77,78,79,80,81,82,83,84,85,86 "
0xc88dAB063CD75C2b65d49728F82CDA1b8891Fa54,2,"48,49,50,51,52,53,54,55,56,57,58,59,60,61,62,63,64,65,66,67,68,69,70,71,72,73,74,75,76,77,78,79,80,81,82,83,84,85,86 "
0x0bC2A24ce568DAd89691116d5B34DEB6C203F342,835,7
0x0bC2A24ce568DAd89691116d5B34DEB6C203F342,836,21
0x0bC2A24ce568DAd89691116d5B34DEB6C203F342,838,23
0x0bC2A24ce568DAd89691116d5B34DEB6C203F342,839,34
0x0bC2A24ce568DAd89691116d5B34DEB6C203F342,847,19
0x0bC2A24ce568DAd89691116d5B34DEB6C203F342,848,28
0x0bC2A24ce568DAd89691116d5B34DEB6C203F342,849,"52, 4"
0x0bC2A24ce568DAd89691116d5B34DEB6C203F342,850,"32, 87"
0x0bC2A24ce568DAd89691116d5B34DEB6C203F342,851,62
0x0bC2A24ce568DAd89691116d5B34DEB6C203F342,852,89
0x0bC2A24ce568DAd89691116d5B34DEB6C203F342,853,44
0xac428266531b9df43e3f9131504cf0ee0096d699,1,2
0xac428266531b9df43e3f9131504cf0ee0096d699,2,35
0xac428266531b9df43e3f9131504cf0ee0096d699,3,35
0xac428266531b9df43e3f9131504cf0ee0096d699,4,51
0xac428266531b9df43e3f9131504cf0ee0096d699,5,67
0x6867a0Be2d07AA641Aa662D47bBaB72748BeB4DF,7,"38,86,2,36,3,32,1,37,4"
0x6867a0Be2d07AA641Aa662D47bBaB72748BeB4DF,4,"86,2,35,3,32,1,4"
0x6867a0Be2d07AA641Aa662D47bBaB72748BeB4DF,5,"10,47,39,112 "
0x91B9Cf8E124d3fBd48d46960a86aC58326D23345,2,2
0xCd3A46c20985609132CB7c1bAc37fB415BC17c3f,19,"2,52"
0xE3D4823F28753bac488d8c286f1E1fD1bc5184d5,1,"13,31,46,52"
0x4C8F5d053eba15eFe4775F85F2D9450D59Bd16ac,1,37
0x4C8F5d053eba15eFe4775F85F2D9450D59Bd16ac,2,58
0x4C8F5d053eba15eFe4775F85F2D9450D59Bd16ac,3,"6,59"
0x4C8F5d053eba15eFe4775F85F2D9450D59Bd16ac,4,"1,2,3,21,25,29,35,52"
0x5d74ab26ee2d0245bc50b86f0e863e6bcc4e15ee,1,52
0x5d74ab26ee2d0245bc50b86f0e863e6bcc4e15ee,2,2
0x5d74ab26ee2d0245bc50b86f0e863e6bcc4e15ee,3,9
0x5d74ab26ee2d0245bc50b86f0e863e6bcc4e15ee,4,5
0x5d74ab26ee2d0245bc50b86f0e863e6bcc4e15ee,5,37
0x5d74ab26ee2d0245bc50b86f0e863e6bcc4e15ee,7,"51,56,61,65,68,76,79"
0x5d74ab26ee2d0245bc50b86f0e863e6bcc4e15ee,8,"39,45"
0x5d74ab26ee2d0245bc50b86f0e863e6bcc4e15ee,9,4
0x5d74ab26ee2d0245bc50b86f0e863e6bcc4e15ee,10,"66,68"
0x14ea54e4463251dec9ff0740ec2e70a088b10d60,1,37
0x14ea54e4463251dec9ff0740ec2e70a088b10d60,2,27
0x14ea54e4463251dec9ff0740ec2e70a088b10d60,3,52
0x14ea54e4463251dec9ff0740ec2e70a088b10d60,4,36
0x14ea54e4463251dec9ff0740ec2e70a088b10d60,5,51
0x14ea54e4463251dec9ff0740ec2e70a088b10d60,6,3
0x14ea54e4463251dec9ff0740ec2e70a088b10d60,7,28
0x14ea54e4463251dec9ff0740ec2e70a088b10d60,8,"24,69"
0x77746905136ab3823FBD830272DE1087F148285b,1,2
0x77746905136ab3823FBD830272DE1087F148285b,4,3
0x68845789bc7C2e2a4BD6E7B22A529a2110Cc99ae,1,106
0x68845789bc7C2e2a4BD6E7B22A529a2110Cc99ae,2,2
0x68845789bc7C2e2a4BD6E7B22A529a2110Cc99ae,3,3
0x68845789bc7C2e2a4BD6E7B22A529a2110Cc99ae,4,4
0x68845789bc7C2e2a4BD6E7B22A529a2110Cc99ae,5,1
0x68845789bc7C2e2a4BD6E7B22A529a2110Cc99ae,6,5
0x68845789bc7C2e2a4BD6E7B22A529a2110Cc99ae,7,53
0x68845789bc7C2e2a4BD6E7B22A529a2110Cc99ae,8,9
0x68845789bc7C2e2a4BD6E7B22A529a2110Cc99ae,9,15
0x68845789bc7C2e2a4BD6E7B22A529a2110Cc99ae,10,17
0x68845789bc7C2e2a4BD6E7B22A529a2110Cc99ae,11,25
0x68845789bc7C2e2a4BD6E7B22A529a2110Cc99ae,12,48
0x68845789bc7C2e2a4BD6E7B22A529a2110Cc99ae,13,14
0x68845789bc7C2e2a4BD6E7B22A529a2110Cc99ae,14,52
0x68845789bc7C2e2a4BD6E7B22A529a2110Cc99ae,15,24
0x68845789bc7C2e2a4BD6E7B22A529a2110Cc99ae,16,37
0x68845789bc7C2e2a4BD6E7B22A529a2110Cc99ae,17,10
0x68845789bc7C2e2a4BD6E7B22A529a2110Cc99ae,18,12
0x68845789bc7C2e2a4BD6E7B22A529a2110Cc99ae,19,11
0x68845789bc7C2e2a4BD6E7B22A529a2110Cc99ae,20,55
0x68845789bc7C2e2a4BD6E7B22A529a2110Cc99ae,21,33
0x68845789bc7C2e2a4BD6E7B22A529a2110Cc99ae,22,39
0x68845789bc7C2e2a4BD6E7B22A529a2110Cc99ae,23,34
0x68845789bc7C2e2a4BD6E7B22A529a2110Cc99ae,24,27
0x68845789bc7C2e2a4BD6E7B22A529a2110Cc99ae,25,16
0x68845789bc7C2e2a4BD6E7B22A529a2110Cc99ae,26,19
0x68845789bc7C2e2a4BD6E7B22A529a2110Cc99ae,27,31
0x68845789bc7C2e2a4BD6E7B22A529a2110Cc99ae,28,30
0x68845789bc7C2e2a4BD6E7B22A529a2110Cc99ae,29,21
0x68845789bc7C2e2a4BD6E7B22A529a2110Cc99ae,30,13
0x68845789bc7C2e2a4BD6E7B22A529a2110Cc99ae,31,46
0x68845789bc7C2e2a4BD6E7B22A529a2110Cc99ae,32,40
0x68845789bc7C2e2a4BD6E7B22A529a2110Cc99ae,33,50
0x68845789bc7C2e2a4BD6E7B22A529a2110Cc99ae,34,32
0x68845789bc7C2e2a4BD6E7B22A529a2110Cc99ae,35,23
0x68845789bc7C2e2a4BD6E7B22A529a2110Cc99ae,36,6
0x68845789bc7C2e2a4BD6E7B22A529a2110Cc99ae,37,28
0x68845789bc7C2e2a4BD6E7B22A529a2110Cc99ae,38,7
0x68845789bc7C2e2a4BD6E7B22A529a2110Cc99ae,39,38
0x68845789bc7C2e2a4BD6E7B22A529a2110Cc99ae,40,26
0x68845789bc7C2e2a4BD6E7B22A529a2110Cc99ae,41,36
0x68845789bc7C2e2a4BD6E7B22A529a2110Cc99ae,42,57
0x68845789bc7C2e2a4BD6E7B22A529a2110Cc99ae,43,49
0x68845789bc7C2e2a4BD6E7B22A529a2110Cc99ae,44,22
0x68845789bc7C2e2a4BD6E7B22A529a2110Cc99ae,45,8
0x68845789bc7C2e2a4BD6E7B22A529a2110Cc99ae,46,18
0x68845789bc7C2e2a4BD6E7B22A529a2110Cc99ae,47,20
0x68845789bc7C2e2a4BD6E7B22A529a2110Cc99ae,48,56
0x68845789bc7C2e2a4BD6E7B22A529a2110Cc99ae,49,29
0x68845789bc7C2e2a4BD6E7B22A529a2110Cc99ae,50,35
0x68845789bc7C2e2a4BD6E7B22A529a2110Cc99ae,51,58
0x68845789bc7C2e2a4BD6E7B22A529a2110Cc99ae,52,42
0x68845789bc7C2e2a4BD6E7B22A529a2110Cc99ae,53,43
0x68845789bc7C2e2a4BD6E7B22A529a2110Cc99ae,54,44
0x68845789bc7C2e2a4BD6E7B22A529a2110Cc99ae,55,45
0x68845789bc7C2e2a4BD6E7B22A529a2110Cc99ae,56,47
0x68845789bc7C2e2a4BD6E7B22A529a2110Cc99ae,57,41
0x68845789bc7C2e2a4BD6E7B22A529a2110Cc99ae,58,51
0x68845789bc7C2e2a4BD6E7B22A529a2110Cc99ae,59,54
0x68845789bc7C2e2a4BD6E7B22A529a2110Cc99ae,60,59
0x68845789bc7C2e2a4BD6E7B22A529a2110Cc99ae,61,60
0x68845789bc7C2e2a4BD6E7B22A529a2110Cc99ae,62,61
0x68845789bc7C2e2a4BD6E7B22A529a2110Cc99ae,63,62
0x68845789bc7C2e2a4BD6E7B22A529a2110Cc99ae,64,63
0x68845789bc7C2e2a4BD6E7B22A529a2110Cc99ae,65,64
0x68845789bc7C2e2a4BD6E7B22A529a2110Cc99ae,66,65
0x68845789bc7C2e2a4BD6E7B22A529a2110Cc99ae,67,66
0x68845789bc7C2e2a4BD6E7B22A529a2110Cc99ae,68,67
0x68845789bc7C2e2a4BD6E7B22A529a2110Cc99ae,69,69
0x68845789bc7C2e2a4BD6E7B22A529a2110Cc99ae,70,68
0x68845789bc7C2e2a4BD6E7B22A529a2110Cc99ae,71,70
0x68845789bc7C2e2a4BD6E7B22A529a2110Cc99ae,72,71
0x68845789bc7C2e2a4BD6E7B22A529a2110Cc99ae,73,73
0x229b9d484D0bE7Cc84C815eD024E6E839EE7c067,1,9
0x229b9d484D0bE7Cc84C815eD024E6E839EE7c067,2,"1, 2, 3, 4, 7, 9, 26, 37"
0x229b9d484D0bE7Cc84C815eD024E6E839EE7c067,3,"1, 2, 3, 4, 5, 10, 14, 15, 19, 21, 26, 31, 37, 40"
0x229b9d484D0bE7Cc84C815eD024E6E839EE7c067,4,"1, 2, 4, 5, 9, 10, 21, 26, 31, 42, 48, 49, 50"
0x229b9d484D0bE7Cc84C815eD024E6E839EE7c067,5,"1,7"
0x229b9d484D0bE7Cc84C815eD024E6E839EE7c067,6,"5, 25, 31"
0x229b9d484D0bE7Cc84C815eD024E6E839EE7c067,7,"7, 25"
0x229b9d484D0bE7Cc84C815eD024E6E839EE7c067,8,"25, 37, 46"
0x229b9d484D0bE7Cc84C815eD024E6E839EE7c067,9,"2, 26, 35, 44"
0x229b9d484D0bE7Cc84C815eD024E6E839EE7c067,10,"5, 25, 26, 31"
0x229b9d484D0bE7Cc84C815eD024E6E839EE7c067,11,"1, 2, 3, 4, 5, 6, 7, 8, 9, 10, 11, 12, 13, 14, 15, 16, 17, 18, 19, 20, 21, 22, 23, 24, 25, 26, 27, 28, 29, 30, 31, 32, 33, 34, 35, 36, 37, 38, 39, 40, 41, 42, 43, 44, 45, 46, 47"
0x229b9d484D0bE7Cc84C815eD024E6E839EE7c067,12,13
0x229b9d484D0bE7Cc84C815eD024E6E839EE7c067,13,46
0x229b9d484D0bE7Cc84C815eD024E6E839EE7c067,14,"7, 25, 52"
0x229b9d484D0bE7Cc84C815eD024E6E839EE7c067,15,"1, 7, 26"
0x9bc27f863dcaE553485A9D9a3a5787Ef84cF11F6,1,"35, 7"
0x9bc27f863dcaE553485A9D9a3a5787Ef84cF11F6,2,"35, 1, 7"
0x9bc27f863dcaE553485A9D9a3a5787Ef84cF11F6,3,"35, 4, 7"
0x9bc27f863dcaE553485A9D9a3a5787Ef84cF11F6,4,"35, 26, 36"
0x9bc27f863dcaE553485A9D9a3a5787Ef84cF11F6,5,35
0x9bc27f863dcaE553485A9D9a3a5787Ef84cF11F6,6,35
0x9bc27f863dcaE553485A9D9a3a5787Ef84cF11F6,7,"35, 26, 36, 3, 37, 41,"
0x9bc27f863dcaE553485A9D9a3a5787Ef84cF11F6,8,"35, 48, 7"
0x9bc27f863dcaE553485A9D9a3a5787Ef84cF11F6,9,No
0x9bc27f863dcaE553485A9D9a3a5787Ef84cF11F6,10,"1,5,23,25,7"
0x9bc27f863dcaE553485A9D9a3a5787Ef84cF11F6,11,"23,25"
0x9bc27f863dcaE553485A9D9a3a5787Ef84cF11F6,12,"35, 37"
0x9bc27f863dcaE553485A9D9a3a5787Ef84cF11F6,13,"23,25"
0x9bc27f863dcaE553485A9D9a3a5787Ef84cF11F6,14,"35, 52, 1, 23, 25"
0x9bc27f863dcaE553485A9D9a3a5787Ef84cF11F6,15,"35, 25"
0x9bc27f863dcaE553485A9D9a3a5787Ef84cF11F6,16,35
0x9bc27f863dcaE553485A9D9a3a5787Ef84cF11F6,17,"35, 58"
0x9bc27f863dcaE553485A9D9a3a5787Ef84cF11F6,18,"35, 46"
0x9bc27f863dcaE553485A9D9a3a5787Ef84cF11F6,19,"35, 60"
0x9bc27f863dcaE553485A9D9a3a5787Ef84cF11F6,20,"35, 16, 26, 53, 103, 7, 23, 25"
0x1EC09f69384D65aD05DAeD91837A72E4111524c3,1,1
0x1EC09f69384D65aD05DAeD91837A72E4111524c3,2,"2,3,4,5,6,7,9,10,12,13,15,17,20,23,25"
0x1EC09f69384D65aD05DAeD91837A72E4111524c3,3,"2,3,4,5,9,10,23,25,26,27,28"
0x1EC09f69384D65aD05DAeD91837A72E4111524c3,4,"1,2,3,4,5,6,11,12,15,17,18,20,22,23,25,28,29"
0x1EC09f69384D65aD05DAeD91837A72E4111524c3,5,"2,6,23,25,28,29"
0x1EC09f69384D65aD05DAeD91837A72E4111524c3,6,"3,4,5,6,9,10,15,17,18,22,23,25,26,30"
0x1EC09f69384D65aD05DAeD91837A72E4111524c3,8,8
0x1EC09f69384D65aD05DAeD91837A72E4111524c3,9,"4,23,25"
0x1EC09f69384D65aD05DAeD91837A72E4111524c3,10,20
0x1EC09f69384D65aD05DAeD91837A72E4111524c3,11,1
0x1EC09f69384D65aD05DAeD91837A72E4111524c3,12,39
0x1EC09f69384D65aD05DAeD91837A72E4111524c3,13,"1,2,3,4,8,9,24,25,26,29,33,35"
0x1EC09f69384D65aD05DAeD91837A72E4111524c3,14,"8,23,25,35"
0x1EC09f69384D65aD05DAeD91837A72E4111524c3,15,"3,23,25,29"
0x1EC09f69384D65aD05DAeD91837A72E4111524c3,16,"2, 3,25,29"
0x1EC09f69384D65aD05DAeD91837A72E4111524c3,18,"1,3,10,20,23,25,29,30,31,35,36,37,39,43,46,53"
0x1EC09f69384D65aD05DAeD91837A72E4111524c3,19,"16,29"
0x1EC09f69384D65aD05DAeD91837A72E4111524c3,20,"2,31,37,44"
0x1EC09f69384D65aD05DAeD91837A72E4111524c3,21,"1,3,11,20,23,25,31,37,41,43"
0x1EC09f69384D65aD05DAeD91837A72E4111524c3,23,1
0x1EC09f69384D65aD05DAeD91837A72E4111524c3,24,46
0x1EC09f69384D65aD05DAeD91837A72E4111524c3,25,47
0x1EC09f69384D65aD05DAeD91837A72E4111524c3,26,4
0x1EC09f69384D65aD05DAeD91837A72E4111524c3,27,47
0x1EC09f69384D65aD05DAeD91837A72E4111524c3,28,"23,25"
0x1EC09f69384D65aD05DAeD91837A72E4111524c3,29,48
0x1EC09f69384D65aD05DAeD91837A72E4111524c3,30,"4,37"
0x1EC09f69384D65aD05DAeD91837A72E4111524c3,31,"1,2,3,51,69"
0x1EC09f69384D65aD05DAeD91837A72E4111524c3,32,"37,69"
0x1EC09f69384D65aD05DAeD91837A72E4111524c3,33,22
0x1EC09f69384D65aD05DAeD91837A72E4111524c3,34,"5,11,23,25,52"
0x1EC09f69384D65aD05DAeD91837A72E4111524c3,35,1
0x1EC09f69384D65aD05DAeD91837A72E4111524c3,36,"4,23,25,43,61"
0x1EC09f69384D65aD05DAeD91837A72E4111524c3,37,40
0x1EC09f69384D65aD05DAeD91837A72E4111524c3,38,40
0x1EC09f69384D65aD05DAeD91837A72E4111524c3,39,62
0x1EC09f69384D65aD05DAeD91837A72E4111524c3,40,"2,7,10,26,23,25,27,31,35,40,41,49,51,58,60,61"
0x1EC09f69384D65aD05DAeD91837A72E4111524c3,41,4
0x1EC09f69384D65aD05DAeD91837A72E4111524c3,42,41
0x1EC09f69384D65aD05DAeD91837A72E4111524c3,43,103
0x1EC09f69384D65aD05DAeD91837A72E4111524c3,44,"2,9,23,25,29.32,46,49,63,64"
0x1121bC1e20797416314cebb60A1927d92B0E0A3B,1,"1,2"
0x1121bC1e20797416314cebb60A1927d92B0E0A3B,2,"2,67"
0x1121bC1e20797416314cebb60A1927d92B0E0A3B,3,"3,8"
0x3d9E59cd5572598FB2D2d33D19845A12ef14A036,1,1
0x3d9E59cd5572598FB2D2d33D19845A12ef14A036,2,"7,8"
0x3d9E59cd5572598FB2D2d33D19845A12ef14A036,3,10
0xFFDaD73618B08C3651d96b0B2bBE66a2Bc0274aa,1,37
0xFFDaD73618B08C3651d96b0B2bBE66a2Bc0274aa,2,"49,61"
0x6351Ca30d72F41f65Af21A7a48c8E79163a9dEA7,1,33
0x6351Ca30d72F41f65Af21A7a48c8E79163a9dEA7,2,"18,47"
0x6351Ca30d72F41f65Af21A7a48c8E79163a9dEA7,3,38
0x6351Ca30d72F41f65Af21A7a48c8E79163a9dEA7,4,39
0x6351Ca30d72F41f65Af21A7a48c8E79163a9dEA7,5,55
0x6351Ca30d72F41f65Af21A7a48c8E79163a9dEA7,6,"41,27,40,28,4,62"
0x6351Ca30d72F41f65Af21A7a48c8E79163a9dEA7,7,9
0x6351Ca30d72F41f65Af21A7a48c8E79163a9dEA7,8,52
0x6351Ca30d72F41f65Af21A7a48c8E79163a9dEA7,9,28
0xe63f4e6ce4110a2fad3de9ed38e7ea5858eb953b,1 to 176,1
0xe63f4e6ce4110a2fad3de9ed38e7ea5858eb953b,368 to 388,7
0xe63f4e6ce4110a2fad3de9ed38e7ea5858eb953b,410 to 478,10
0xe63f4e6ce4110a2fad3de9ed38e7ea5858eb953b,479 to 488,12
0xe63f4e6ce4110a2fad3de9ed38e7ea5858eb953b,489 to 498,13
0xe63f4e6ce4110a2fad3de9ed38e7ea5858eb953b,499 to 518,14
0xe63f4e6ce4110a2fad3de9ed38e7ea5858eb953b,519 to 543,15
0xe63f4e6ce4110a2fad3de9ed38e7ea5858eb953b,544 to 643,16
0xe63f4e6ce4110a2fad3de9ed38e7ea5858eb953b,644 to 1527,4
0xe63f4e6ce4110a2fad3de9ed38e7ea5858eb953b,1528 to 1547,17
0xe63f4e6ce4110a2fad3de9ed38e7ea5858eb953b,1548 to 1595,4
0xe63f4e6ce4110a2fad3de9ed38e7ea5858eb953b,1596 to 1613,19
0xe63f4e6ce4110a2fad3de9ed38e7ea5858eb953b,1614 to 1615 ,4
0xe63f4e6ce4110a2fad3de9ed38e7ea5858eb953b,1616 to 1622,19
0xe63f4e6ce4110a2fad3de9ed38e7ea5858eb953b,1623 to 1624,4
0xe63f4e6ce4110a2fad3de9ed38e7ea5858eb953b,1625 to 1647,19
0xe63f4e6ce4110a2fad3de9ed38e7ea5858eb953b,1648 to 1649,4
0xe63f4e6ce4110a2fad3de9ed38e7ea5858eb953b,1650 to 1652,19
0xe63f4e6ce4110a2fad3de9ed38e7ea5858eb953b,1653 to 1654,4
0xe63f4e6ce4110a2fad3de9ed38e7ea5858eb953b,1655 to 1683,19
0xe63f4e6ce4110a2fad3de9ed38e7ea5858eb953b,1684 to 1686,20
0xe63f4e6ce4110a2fad3de9ed38e7ea5858eb953b,1687 to 1715,21
0xe63f4e6ce4110a2fad3de9ed38e7ea5858eb953b,1716 to 1805 ,22
0xe63f4e6ce4110a2fad3de9ed38e7ea5858eb953b,1806 to 1830,24
0xe63f4e6ce4110a2fad3de9ed38e7ea5858eb953b,1831 to 1918,25
0xe63f4e6ce4110a2fad3de9ed38e7ea5858eb953b,1919 to 1929,27
0xe63f4e6ce4110a2fad3de9ed38e7ea5858eb953b,1930 to 1932,20
0xe63f4e6ce4110a2fad3de9ed38e7ea5858eb953b,1933 to 1951,27
0xe63f4e6ce4110a2fad3de9ed38e7ea5858eb953b,1952 to 1956,28
0xe63f4e6ce4110a2fad3de9ed38e7ea5858eb953b,1957 to 1964,29
0xe63f4e6ce4110a2fad3de9ed38e7ea5858eb953b,1965 to 1989,30
0xe63f4e6ce4110a2fad3de9ed38e7ea5858eb953b,1990 to 1996,4
0xe63f4e6ce4110a2fad3de9ed38e7ea5858eb953b,1997 to 2004,32
0xe63f4e6ce4110a2fad3de9ed38e7ea5858eb953b,2005 to 2020,33
0xe63f4e6ce4110a2fad3de9ed38e7ea5858eb953b,2021,25
0xe63f4e6ce4110a2fad3de9ed38e7ea5858eb953b,2022 to 2023,33
0xe63f4e6ce4110a2fad3de9ed38e7ea5858eb953b,2024 to 2033,34
0xe63f4e6ce4110a2fad3de9ed38e7ea5858eb953b,2034 to 2096,35
0xe63f4e6ce4110a2fad3de9ed38e7ea5858eb953b,2097,4
0xe63f4e6ce4110a2fad3de9ed38e7ea5858eb953b,2098 to 2135,35
0xe63f4e6ce4110a2fad3de9ed38e7ea5858eb953b,2136 to 2180,37
0xe63f4e6ce4110a2fad3de9ed38e7ea5858eb953b,2205 to 2223,38
0xe63f4e6ce4110a2fad3de9ed38e7ea5858eb953b,2224 to 2293,39
0xe63f4e6ce4110a2fad3de9ed38e7ea5858eb953b,2296,4
0xe63f4e6ce4110a2fad3de9ed38e7ea5858eb953b,2297 to 2312,39
0xe63f4e6ce4110a2fad3de9ed38e7ea5858eb953b,2313 to 2369,40
0xe63f4e6ce4110a2fad3de9ed38e7ea5858eb953b,2370,4
0xe63f4e6ce4110a2fad3de9ed38e7ea5858eb953b,2371 to 2381,40
0xe63f4e6ce4110a2fad3de9ed38e7ea5858eb953b,2383 to 2430,41
0xe63f4e6ce4110a2fad3de9ed38e7ea5858eb953b,2431 to 2451,42
0xe63f4e6ce4110a2fad3de9ed38e7ea5858eb953b,2522 to 2587,43
0xe63f4e6ce4110a2fad3de9ed38e7ea5858eb953b,2589,43
0xe63f4e6ce4110a2fad3de9ed38e7ea5858eb953b,2591 to 2592,43
0xe63f4e6ce4110a2fad3de9ed38e7ea5858eb953b,2593 to 2617 ,44
0xe63f4e6ce4110a2fad3de9ed38e7ea5858eb953b,2626 to 2690 ,45
0xe63f4e6ce4110a2fad3de9ed38e7ea5858eb953b,2691 to 2778,46
0xe63f4e6ce4110a2fad3de9ed38e7ea5858eb953b,2795 to 2881,47
0xe63f4e6ce4110a2fad3de9ed38e7ea5858eb953b,2884 to 3018,8
0xe63f4e6ce4110a2fad3de9ed38e7ea5858eb953b,3253,4